short_id,batch,title,year,page_count,status,original_source_path,original_pdf_name,pdf_path,text_path,chunks_path
doc_0001,batch_001,International Convention On The Establishment Of An International Fund For Compensation For Oil Pollution Damage 1971 As Amended Ratification Act 2006,1971,26,ready_for_embedding,1971/international-convention-on-the-establishment-of-an-international-fund-for-compensation-for-oil-pollution-damage-1971-as-amended-ratification-act-2006.pdf,original_pdfs/doc_0001.pdf,laws_pdf/batch_001/doc_0001.pdf,laws_text/batch_001/doc_0001.txt,chunks_jsonl/doc_0001.jsonl
doc_0002,batch_001,Internation Convention For The Prevention Of Pollution From Ships,1973,81,ready_for_embedding,1973/internation-convention-for-the-prevention-of-pollution-from-ships.pdf,original_pdfs/doc_0002.pdf,laws_pdf/batch_001/doc_0002.pdf,laws_text/batch_001/doc_0002.txt,chunks_jsonl/doc_0002.jsonl
doc_0003,batch_001,Marriage Act 1990,1990,8,ready_for_embedding,1990/Marriage-Act-1990.pdf,original_pdfs/doc_0003.pdf,laws_pdf/batch_001/doc_0003.pdf,laws_text/batch_001/doc_0003.txt,chunks_jsonl/doc_0003.jsonl
doc_0004,batch_001,Nigerian Shipper'S Council Act,1990,5,ready_for_embedding,1990/Nigerian-Shipper's-Council-Act.pdf,original_pdfs/doc_0004.pdf,laws_pdf/batch_001/doc_0004.pdf,laws_text/batch_001/doc_0004.txt,chunks_jsonl/doc_0004.jsonl
doc_0005,batch_001,Oil Pipelines Act 1990,1990,9,ready_for_embedding,1990/Oil-Pipelines-Act-1990.pdf,original_pdfs/doc_0005.pdf,laws_pdf/batch_001/doc_0005.pdf,laws_text/batch_001/doc_0005.txt,chunks_jsonl/doc_0005.jsonl
doc_0006,batch_001,Central Bank Of Nigeria Decree No 24 Of 1991,1991,17,ready_for_embedding,1991/Central-Bank-of-Nigeria-Decree-No- 24-of-1991.pdf,original_pdfs/doc_0006.pdf,laws_pdf/batch_001/doc_0006.pdf,laws_text/batch_001/doc_0006.txt,chunks_jsonl/doc_0006.jsonl
doc_0007,batch_001,Pension Rights Of Judges Amendment Decree,1991,2,ready_for_embedding,1991/pension-rights-of-judges-amendment-decree.pdf,original_pdfs/doc_0007.pdf,laws_pdf/batch_001/doc_0007.pdf,laws_text/batch_001/doc_0007.txt,chunks_jsonl/doc_0007.jsonl
doc_0008,batch_001,National Drug Law Enforcement Agency Decree 1992,1992,3,ready_for_embedding,1992/National-Drug-Law-Enforcement-Agency-Decree-1992.pdf,original_pdfs/doc_0008.pdf,laws_pdf/batch_001/doc_0008.pdf,laws_text/batch_001/doc_0008.txt,chunks_jsonl/doc_0008.jsonl
doc_0009,batch_001,Petroleum Special Trust Fund Act,1994,7,ready_for_embedding,1994/petroleum-special-trust-fund-act.pdf,original_pdfs/doc_0009.pdf,laws_pdf/batch_001/doc_0009.pdf,laws_text/batch_001/doc_0009.txt,chunks_jsonl/doc_0009.jsonl
doc_0010,batch_001,Border Communities Development Agency Act 2003 Cap B10 Lfn 2004,2003,9,ready_for_embedding,2003/border-communities-development-agency-act-2003-cap-b10-lfn-2004.pdf,original_pdfs/doc_0010.pdf,laws_pdf/batch_001/doc_0010.pdf,laws_text/batch_001/doc_0010.txt,chunks_jsonl/doc_0010.jsonl
doc_0011,batch_001,Childs Right Act 2003,2003,143,ready_for_embedding,2003/childs-right-act-2003.pdf,original_pdfs/doc_0011.pdf,laws_pdf/batch_001/doc_0011.pdf,laws_text/batch_001/doc_0011.txt,chunks_jsonl/doc_0011.jsonl
doc_0012,batch_001,Coastal And Inland Shipping Cabotage Act No 5 2003,2003,14,ready_for_embedding,2003/coastal-and-inland-shipping-cabotage-act-no-5-2003.pdf,original_pdfs/doc_0012.pdf,laws_pdf/batch_001/doc_0012.pdf,laws_text/batch_001/doc_0012.txt,chunks_jsonl/doc_0012.jsonl
doc_0013,batch_001,Debt Management Office Establishment Etc Act 2003 No 18 2003,2003,10,ready_for_embedding,2003/debt-management-office-establishment-etc-act-2003-no-18-2003.pdf,original_pdfs/doc_0013.pdf,laws_pdf/batch_001/doc_0013.pdf,laws_text/batch_001/doc_0013.txt,chunks_jsonl/doc_0013.jsonl
doc_0014,batch_001,National Institute Of Marketing Of Nigeria Act 2003,2003,16,ready_for_embedding,2003/national-institute-of-marketing-of-nigeria-act-2003.pdf,original_pdfs/doc_0014.pdf,laws_pdf/batch_001/doc_0014.pdf,laws_text/batch_001/doc_0014.txt,chunks_jsonl/doc_0014.jsonl
doc_0015,batch_001,Nigerian Council Of Registered Insurance Brokers Act 2003,2003,16,ready_for_embedding,2003/nigerian-council-of-registered-insurance-brokers-act-2003.pdf,original_pdfs/doc_0015.pdf,laws_pdf/batch_001/doc_0015.pdf,laws_text/batch_001/doc_0015.txt,chunks_jsonl/doc_0015.jsonl
doc_0016,batch_001,Nigerian Institute Of Management Act 2003,2003,17,ready_for_embedding,2003/nigerian-institute-of-management-act-2003.pdf,original_pdfs/doc_0016.pdf,laws_pdf/batch_001/doc_0016.pdf,laws_text/batch_001/doc_0016.txt,chunks_jsonl/doc_0016.jsonl
doc_0017,batch_001,Nigerian Institute Of Science Laboratory Technology Act 2003 No 2 2003,2003,16,ready_for_embedding,2003/nigerian-institute-of-science-laboratory-technology-act-2003-no-2-2003.pdf,original_pdfs/doc_0017.pdf,laws_pdf/batch_001/doc_0017.pdf,laws_text/batch_001/doc_0017.txt,chunks_jsonl/doc_0017.jsonl
doc_0018,batch_001,Abubakar Tafawa Balewa University Bauchi Act Cap A1 Lfn 2004,2004,22,ready_for_embedding,2004/abubakar-tafawa-balewa-university-bauchi-act-cap-a1-lfn-2004.pdf,original_pdfs/doc_0018.pdf,laws_pdf/batch_001/doc_0018.pdf,laws_text/batch_001/doc_0018.txt,chunks_jsonl/doc_0018.jsonl
doc_0019,batch_001,Acts Authentication Act Cap A2 Lfn 2004,2004,2,ready_for_embedding,2004/acts-authentication-act-cap-a2-lfn-2004.pdf,original_pdfs/doc_0019.pdf,laws_pdf/batch_001/doc_0019.pdf,laws_text/batch_001/doc_0019.txt,chunks_jsonl/doc_0019.jsonl
doc_0020,batch_001,Administration Of Justice Commission Act Cap A 3 Lfn 2004,2004,74,ready_for_embedding,2004/administration-of-justice-commission-act-cap-a-3-lfn-2004.pdf,original_pdfs/doc_0020.pdf,laws_pdf/batch_001/doc_0020.pdf,laws_text/batch_001/doc_0020.txt,chunks_jsonl/doc_0020.jsonl
doc_0021,batch_001,Administrative Staff College Of Nigeria Act Cap A 4 Lfn 2004,2004,6,ready_for_embedding,2004/administrative-staff-college-of-nigeria-act-cap-a-4-lfn-2004.pdf,original_pdfs/doc_0021.pdf,laws_pdf/batch_001/doc_0021.pdf,laws_text/batch_001/doc_0021.txt,chunks_jsonl/doc_0021.jsonl
doc_0022,batch_001,Admiralty Jurisdiction Act Cap A 5 Lfn 2004,2004,27,ready_for_embedding,2004/admiralty-jurisdiction-act-cap-a-5-lfn-2004.pdf,original_pdfs/doc_0022.pdf,laws_pdf/batch_001/doc_0022.pdf,laws_text/batch_001/doc_0022.txt,chunks_jsonl/doc_0022.jsonl
doc_0023,batch_001,Advertising Practitioners Registration Etc Act Cap A 7 Lfn 2004,2004,16,ready_for_embedding,2004/advertising-practitioners-registration-etc-act-cap-a-7-lfn-2004.pdf,original_pdfs/doc_0023.pdf,laws_pdf/batch_001/doc_0023.pdf,laws_text/batch_001/doc_0023.txt,chunks_jsonl/doc_0023.jsonl
doc_0024,batch_001,Advisory Council On Religious Affairs Act Cap A 8 Lfn 2004,2004,3,ready_for_embedding,2004/advisory-council-on-religious-affairs-act-cap-a-8-lfn-2004.pdf,original_pdfs/doc_0024.pdf,laws_pdf/batch_001/doc_0024.pdf,laws_text/batch_001/doc_0024.txt,chunks_jsonl/doc_0024.jsonl
doc_0025,batch_001,African Charter On Human And Peoples Rights Ratification And Enforcement Act Cap A 9 Lfn 2004,2004,10,ready_for_embedding,2004/african-charter-on-human-and-peoples-rights-ratification-and-enforcement-act-cap-a-9-lfn-2004.pdf,original_pdfs/doc_0025.pdf,laws_pdf/batch_001/doc_0025.pdf,laws_text/batch_001/doc_0025.txt,chunks_jsonl/doc_0025.jsonl
doc_0026,batch_001,Agricultural And Rural Management Training Institute Act Cap A 10 Lfn 2004,2004,6,ready_for_embedding,2004/agricultural-and-rural-management-training-institute-act-cap-a-10-lfn-2004.pdf,original_pdfs/doc_0026.pdf,laws_pdf/batch_001/doc_0026.pdf,laws_text/batch_001/doc_0026.txt,chunks_jsonl/doc_0026.jsonl
doc_0027,batch_001,Agricultural Control Of Importation Act Cap A 13 Lfn 2004,2004,6,ready_for_embedding,2004/agricultural-control-of-importation-act-cap-a-13-lfn-2004.pdf,original_pdfs/doc_0027.pdf,laws_pdf/batch_001/doc_0027.pdf,laws_text/batch_001/doc_0027.txt,chunks_jsonl/doc_0027.jsonl
doc_0028,batch_001,Agricultural Credit Guarantee Scheme Fund Act Cap A 11 Lfn 2004,2004,7,ready_for_embedding,2004/agricultural-credit-guarantee-scheme-fund-act-cap-a-11-lfn-2004.pdf,original_pdfs/doc_0028.pdf,laws_pdf/batch_001/doc_0028.pdf,laws_text/batch_001/doc_0028.txt,chunks_jsonl/doc_0028.jsonl
doc_0029,batch_001,Agricultural Research Council Of Nigeria Act Cap A 12 Lfn 2004,2004,8,ready_for_embedding,2004/agricultural-research-council-of-nigeria-act-cap-a-12-lfn-2004.pdf,original_pdfs/doc_0029.pdf,laws_pdf/batch_001/doc_0029.pdf,laws_text/batch_001/doc_0029.txt,chunks_jsonl/doc_0029.jsonl
doc_0030,batch_001,Ahmadu Bello Universitytransitional Provisions Act Cap A14 Lfn 2004,2004,2,ready_for_embedding,2004/ahmadu-bello-universitytransitional-provisions-act-cap-a14-lfn-2004.pdf,original_pdfs/doc_0030.pdf,laws_pdf/batch_001/doc_0030.pdf,laws_text/batch_001/doc_0030.txt,chunks_jsonl/doc_0030.jsonl
doc_0031,batch_001,Allocation Of Revenue Federation Accounts Etc Act Cap A15 Lfn 2004,2004,5,ready_for_embedding,2004/allocation-of-revenue-federation-accounts-etc-act-cap-a15-lfn-2004.pdf,original_pdfs/doc_0031.pdf,laws_pdf/batch_001/doc_0031.pdf,laws_text/batch_001/doc_0031.txt,chunks_jsonl/doc_0031.jsonl
doc_0032,batch_001,Anatomy Act Cap A16 Lfn 2004,2004,3,ready_for_embedding,2004/anatomy-act-cap-a16-lfn-2004.pdf,original_pdfs/doc_0032.pdf,laws_pdf/batch_001/doc_0032.pdf,laws_text/batch_001/doc_0032.txt,chunks_jsonl/doc_0032.jsonl
doc_0033,batch_001,Animal Diseases Control Act Cap A17 Lfn 2004,2004,21,ready_for_embedding,2004/animal-diseases-control-act-cap-a17-lfn-2004.pdf,original_pdfs/doc_0033.pdf,laws_pdf/batch_001/doc_0033.pdf,laws_text/batch_001/doc_0033.txt,chunks_jsonl/doc_0033.jsonl
doc_0034,batch_001,Arbitration And Conciliation Act Cap A18 Lfn 2004,2004,34,ready_for_embedding,2004/arbitration-and-conciliation-act-cap-a18-lfn-2004.pdf,original_pdfs/doc_0034.pdf,laws_pdf/batch_001/doc_0034.pdf,laws_text/batch_001/doc_0034.txt,chunks_jsonl/doc_0034.jsonl
doc_0035,batch_001,Architects Registration Etc Act Cap A19 Lfn 2004,2004,21,ready_for_embedding,2004/architects-registration-etc-act-cap-a19-lfn-2004.pdf,original_pdfs/doc_0035.pdf,laws_pdf/batch_001/doc_0035.pdf,laws_text/batch_001/doc_0035.txt,chunks_jsonl/doc_0035.jsonl
doc_0036,batch_001,Armed Forces Act Cap A20 Lfn 2004,2004,104,ready_for_embedding,2004/armed-forces-act-cap-a20-lfn-2004.pdf,original_pdfs/doc_0036.pdf,laws_pdf/batch_001/doc_0036.pdf,laws_text/batch_001/doc_0036.txt,chunks_jsonl/doc_0036.jsonl
doc_0037,batch_001,Armed Forces Comfort Fund Act Cap A21 Lfn 2004,2004,2,ready_for_embedding,2004/armed-forces-comfort-fund-act-cap-a21-lfn-2004.pdf,original_pdfs/doc_0037.pdf,laws_pdf/batch_001/doc_0037.pdf,laws_text/batch_001/doc_0037.txt,chunks_jsonl/doc_0037.jsonl
doc_0038,batch_001,Armed Forces Disciplinary Proceedings Special Provisions Act Cap A22 Lfn 2004,2004,2,ready_for_embedding,2004/armed-forces-disciplinary-proceedings-special-provisions-act-cap-a22-lfn-2004.pdf,original_pdfs/doc_0038.pdf,laws_pdf/batch_001/doc_0038.pdf,laws_text/batch_001/doc_0038.txt,chunks_jsonl/doc_0038.jsonl
doc_0039,batch_001,Armed Forces Pensions Act Cap A23 Lfn 2004,2004,17,ready_for_embedding,2004/armed-forces-pensions-act-cap-a23-lfn-2004.pdf,original_pdfs/doc_0039.pdf,laws_pdf/batch_001/doc_0039.pdf,laws_text/batch_001/doc_0039.txt,chunks_jsonl/doc_0039.jsonl
doc_0040,batch_001,Army Colour Prohibition Of Use Act Cap A24 Lfn 2004,2004,2,ready_for_embedding,2004/army-colour-prohibition-of-use-act-cap-a24-lfn-2004.pdf,original_pdfs/doc_0040.pdf,laws_pdf/batch_001/doc_0040.pdf,laws_text/batch_001/doc_0040.txt,chunks_jsonl/doc_0040.jsonl
doc_0041,batch_001,Associated Gas Re Injection Act Cap A25 Lfn 2004,2004,3,ready_for_embedding,2004/associated-gas-re-injection-act-cap-a25-lfn-2004.pdf,original_pdfs/doc_0041.pdf,laws_pdf/batch_001/doc_0041.pdf,laws_text/batch_001/doc_0041.txt,chunks_jsonl/doc_0041.jsonl
doc_0042,batch_001,Association Of National Accountants Of Nigeria Act Cap A26 Lfn 2004,2004,14,ready_for_embedding,2004/association-of-national-accountants-of-nigeria-act-cap-a26-lfn-2004.pdf,original_pdfs/doc_0042.pdf,laws_pdf/batch_001/doc_0042.pdf,laws_text/batch_001/doc_0042.txt,chunks_jsonl/doc_0042.jsonl
doc_0043,batch_001,Bank Employees Etc Declaration Of Assets Act Cap B1 Lfn 2004,2004,10,ready_for_embedding,2004/bank-employees-etc-declaration-of-assets-act-cap-b1-lfn-2004.pdf,original_pdfs/doc_0043.pdf,laws_pdf/batch_001/doc_0043.pdf,laws_text/batch_001/doc_0043.txt,chunks_jsonl/doc_0043.jsonl
doc_0044,batch_001,Bankruptcy Act Cap B2 Lfn 2004,2004,46,ready_for_embedding,2004/bankruptcy-act-cap-b2-lfn-2004.pdf,original_pdfs/doc_0044.pdf,laws_pdf/batch_001/doc_0044.pdf,laws_text/batch_001/doc_0044.txt,chunks_jsonl/doc_0044.jsonl
doc_0045,batch_001,Banks And Other Financial Institutions Act Cap B 3 Lfn 2004,2004,23,ready_for_embedding,2004/banks-and-other-financial-institutions-act-cap-b-3-lfn-2004.pdf,original_pdfs/doc_0045.pdf,laws_pdf/batch_001/doc_0045.pdf,laws_text/batch_001/doc_0045.txt,chunks_jsonl/doc_0045.jsonl
doc_0046,batch_001,Banks Motor Vehicle Loans Miscellaneous Provisions Act Cap B4 Lfn 2004,2004,2,ready_for_embedding,2004/banks-motor-vehicle-loans-miscellaneous-provisions-act-cap-b4-lfn-2004.pdf,original_pdfs/doc_0046.pdf,laws_pdf/batch_001/doc_0046.pdf,laws_text/batch_001/doc_0046.txt,chunks_jsonl/doc_0046.jsonl
doc_0047,batch_001,Bayero University Act Cap B5 Lfn 2004,2004,21,ready_for_embedding,2004/bayero-university-act-cap-b5-lfn-2004.pdf,original_pdfs/doc_0047.pdf,laws_pdf/batch_001/doc_0047.pdf,laws_text/batch_001/doc_0047.txt,chunks_jsonl/doc_0047.jsonl
doc_0048,batch_001,Bees Import Control And Management Act Cap B6 Lfn 2004,2004,6,ready_for_embedding,2004/bees-import-control-and-management-act-cap-b6-lfn-2004.pdf,original_pdfs/doc_0048.pdf,laws_pdf/batch_001/doc_0048.pdf,laws_text/batch_001/doc_0048.txt,chunks_jsonl/doc_0048.jsonl
doc_0049,batch_001,Bight Of Bonny Act Cap B7 Lfn 2004,2004,1,ready_for_embedding,2004/bight-of-bonny-act-cap-b7-lfn-2004.pdf,original_pdfs/doc_0049.pdf,laws_pdf/batch_001/doc_0049.pdf,laws_text/batch_001/doc_0049.txt,chunks_jsonl/doc_0049.jsonl
doc_0050,batch_001,Bills Of Exchange Act Cap B8 Lfn 2004,2004,0,needs_ocr_or_review,2004/bills-of-exchange-act-cap-b8-lfn-2004.pdf,original_pdfs/doc_0050.pdf,laws_pdf/batch_001/doc_0050.pdf,,chunks_jsonl/doc_0050.jsonl
doc_0051,batch_002,Births Deaths Etc Compulsory Registration Act Cap B9 Lfn 2004,2004,39,ready_for_embedding,2004/births-deaths-etc-compulsory-registration-act-cap-b9-lfn-2004.pdf,original_pdfs/doc_0051.pdf,laws_pdf/batch_002/doc_0051.pdf,laws_text/batch_002/doc_0051.txt,chunks_jsonl/doc_0051.jsonl
doc_0052,batch_002,Borstal Institutions And Remand Centres Act Cap B11 Lfn 2004,2004,32,ready_for_embedding,2004/borstal-institutions-and-remand-centres-act-cap-b11-lfn-2004.pdf,original_pdfs/doc_0052.pdf,laws_pdf/batch_002/doc_0052.pdf,laws_text/batch_002/doc_0052.txt,chunks_jsonl/doc_0052.jsonl
doc_0053,batch_002,Boy Scouts Act Cap B12 Lfn 2004,2004,2,ready_for_embedding,2004/boy-scouts-act-cap-b12-lfn-2004.pdf,original_pdfs/doc_0053.pdf,laws_pdf/batch_002/doc_0053.pdf,laws_text/batch_002/doc_0053.txt,chunks_jsonl/doc_0053.jsonl
doc_0054,batch_002,Builders Registration Etc Act Cap B13 Lfn 2004,2004,14,ready_for_embedding,2004/builders-registration-etc-act-cap-b13-lfn-2004.pdf,original_pdfs/doc_0054.pdf,laws_pdf/batch_002/doc_0054.pdf,laws_text/batch_002/doc_0054.txt,chunks_jsonl/doc_0054.jsonl
doc_0055,batch_002,Building Lines Federal Trunk Roads Act Cap B14 Lfn 2004,2004,2,ready_for_embedding,2004/building-lines-federal-trunk-roads-act-cap-b14-lfn-2004.pdf,original_pdfs/doc_0055.pdf,laws_pdf/batch_002/doc_0055.pdf,laws_text/batch_002/doc_0055.txt,chunks_jsonl/doc_0055.jsonl
doc_0056,batch_002,Capital Gains Tax Act Cap C1 Lfn 2004,2004,20,ready_for_embedding,2004/capital-gains-tax-act-cap-c1-lfn-2004.pdf,original_pdfs/doc_0056.pdf,laws_pdf/batch_002/doc_0056.pdf,laws_text/batch_002/doc_0056.txt,chunks_jsonl/doc_0056.jsonl
doc_0057,batch_002,Carriage Of Goods By Sea Act Cap C2 Lfn 2004,2004,6,ready_for_embedding,2004/carriage-of-goods-by-sea-act-cap-c2-lfn-2004.pdf,original_pdfs/doc_0057.pdf,laws_pdf/batch_002/doc_0057.pdf,laws_text/batch_002/doc_0057.txt,chunks_jsonl/doc_0057.jsonl
doc_0058,batch_002,Casino Taxation Act Cap C3 Lfn 2004,2004,9,ready_for_embedding,2004/casino-taxation-act-cap-c3-lfn-2004.pdf,original_pdfs/doc_0058.pdf,laws_pdf/batch_002/doc_0058.pdf,laws_text/batch_002/doc_0058.txt,chunks_jsonl/doc_0058.jsonl
doc_0059,batch_002,Centre For Black And African Arts And Civilisation Act Cap C6 Lfn 2004,2004,5,ready_for_embedding,2004/centre-for-black-and-african-arts-and-civilisation-act-cap-c6-lfn-2004.pdf,original_pdfs/doc_0059.pdf,laws_pdf/batch_002/doc_0059.pdf,laws_text/batch_002/doc_0059.txt,chunks_jsonl/doc_0059.jsonl
doc_0060,batch_002,Chartered Institute Of Administration Act Cap C7 Lfn 2004,2004,16,ready_for_embedding,2004/chartered-institute-of-administration-act-cap-c7-lfn-2004.pdf,original_pdfs/doc_0060.pdf,laws_pdf/batch_002/doc_0060.pdf,laws_text/batch_002/doc_0060.txt,chunks_jsonl/doc_0060.jsonl
doc_0061,batch_002,Chartered Institute Of Stockbrokers Act Cap C9 Lfn 2004,2004,14,ready_for_embedding,2004/chartered-institute-of-stockbrokers-act-cap-c9-lfn-2004.pdf,original_pdfs/doc_0061.pdf,laws_pdf/batch_002/doc_0061.pdf,laws_text/batch_002/doc_0061.txt,chunks_jsonl/doc_0061.jsonl
doc_0062,batch_002,Chartered Institute Of Taxation Of Nigeria Act Cap C10 Lfn 2004,2004,18,ready_for_embedding,2004/chartered-institute-of-taxation-of-nigeria-act-cap-c10-lfn-2004.pdf,original_pdfs/doc_0062.pdf,laws_pdf/batch_002/doc_0062.pdf,laws_text/batch_002/doc_0062.txt,chunks_jsonl/doc_0062.jsonl
doc_0063,batch_002,Chartered Insurance Institute Of Nigeria Act Cap C11 Lfn 2004,2004,15,ready_for_embedding,2004/chartered-insurance-institute-of-nigeria-act-cap-c11-lfn-2004.pdf,original_pdfs/doc_0063.pdf,laws_pdf/batch_002/doc_0063.pdf,laws_text/batch_002/doc_0063.txt,chunks_jsonl/doc_0063.jsonl
doc_0064,batch_002,Citizenship And Leadership Training Centre Act Capc12 Lfn 2004,2004,7,ready_for_embedding,2004/citizenship-and-leadership-training-centre-act-capc12-lfn-2004.pdf,original_pdfs/doc_0064.pdf,laws_pdf/batch_002/doc_0064.pdf,laws_text/batch_002/doc_0064.txt,chunks_jsonl/doc_0064.jsonl
doc_0065,batch_002,Co Operative Development Act Cap C27 Lfn 2004,2004,3,ready_for_embedding,2004/co-operative-development-act-cap-c27-lfn-2004.pdf,original_pdfs/doc_0065.pdf,laws_pdf/batch_002/doc_0065.pdf,laws_text/batch_002/doc_0065.txt,chunks_jsonl/doc_0065.jsonl
doc_0066,batch_002,Code Of Conduct Bureau And Tribunal Act Cap C15 Lfn 2004,2004,9,ready_for_embedding,2004/code-of-conduct-bureau-and-tribunal-act-cap-c15-lfn-2004.pdf,original_pdfs/doc_0066.pdf,laws_pdf/batch_002/doc_0066.pdf,laws_text/batch_002/doc_0066.txt,chunks_jsonl/doc_0066.jsonl
doc_0067,batch_002,Coins Act Cap C16 Lfn 2004,2004,3,ready_for_embedding,2004/coins-act-cap-c16-lfn-2004.pdf,original_pdfs/doc_0067.pdf,laws_pdf/batch_002/doc_0067.pdf,laws_text/batch_002/doc_0067.txt,chunks_jsonl/doc_0067.jsonl
doc_0068,batch_002,Commodity Boards Act Cap C17 Lfn 2004,2004,12,ready_for_embedding,2004/commodity-boards-act-cap-c17-lfn-2004.pdf,original_pdfs/doc_0068.pdf,laws_pdf/batch_002/doc_0068.pdf,laws_text/batch_002/doc_0068.txt,chunks_jsonl/doc_0068.jsonl
doc_0069,batch_002,Community Banks Act Cap C18 Lfn 2004,2004,10,ready_for_embedding,2004/community-banks-act-cap-c18-lfn-2004.pdf,original_pdfs/doc_0069.pdf,laws_pdf/batch_002/doc_0069.pdf,laws_text/batch_002/doc_0069.txt,chunks_jsonl/doc_0069.jsonl
doc_0070,batch_002,Companies And Allied Matters Act Cap C20 Lfn 2004,2004,170,ready_for_embedding,2004/companies-and-allied-matters-act-cap-c20-lfn-2004.pdf,original_pdfs/doc_0070.pdf,laws_pdf/batch_002/doc_0070.pdf,laws_text/batch_002/doc_0070.txt,chunks_jsonl/doc_0070.jsonl
doc_0071,batch_002,Companies Income Tax Act Cap C21 Lfn 2004,2004,126,ready_for_embedding,2004/companies-income-tax-act-cap-c21-lfn-2004.pdf,original_pdfs/doc_0071.pdf,laws_pdf/batch_002/doc_0071.pdf,laws_text/batch_002/doc_0071.txt,chunks_jsonl/doc_0071.jsonl
doc_0072,batch_002,Compulsory Free Universal Basic Education Act 2004,2004,7,ready_for_embedding,2004/compulsory-free-universal-basic-education-act-2004.pdf,original_pdfs/doc_0072.pdf,laws_pdf/batch_002/doc_0072.pdf,laws_text/batch_002/doc_0072.txt,chunks_jsonl/doc_0072.jsonl
doc_0073,batch_002,Computer Professionals Registration Council Of Nigeria Act Cap C22 Lfn 2004,2004,15,ready_for_embedding,2004/computer-professionals-registration-council-of-nigeria-act-cap-c22-lfn-2004.pdf,original_pdfs/doc_0073.pdf,laws_pdf/batch_002/doc_0073.pdf,laws_text/batch_002/doc_0073.txt,chunks_jsonl/doc_0073.jsonl
doc_0074,batch_002,Constitution Of The Federal Republic Of Nigeria Promulgation Act C23 Lfn 2004,2004,1,ready_for_embedding,2004/constitution-of-the-federal-republic-of-nigeria-promulgation-act-c23-lfn-2004.pdf,original_pdfs/doc_0074.pdf,laws_pdf/batch_002/doc_0074.pdf,laws_text/batch_002/doc_0074.txt,chunks_jsonl/doc_0074.jsonl
doc_0075,batch_002,Consumer Protection Council Act Cap C25 Lfn 2004,2004,8,ready_for_embedding,2004/consumer-protection-council-act-cap-c25-lfn-2004.pdf,original_pdfs/doc_0075.pdf,laws_pdf/batch_002/doc_0075.pdf,laws_text/batch_002/doc_0075.txt,chunks_jsonl/doc_0075.jsonl
doc_0076,batch_002,Control Of Advertisement Federal Highways Act Cap C26 Lfn 2004,2004,2,ready_for_embedding,2004/control-of-advertisement-federal-highways-act-cap-c26-lfn-2004.pdf,original_pdfs/doc_0076.pdf,laws_pdf/batch_002/doc_0076.pdf,laws_text/batch_002/doc_0076.txt,chunks_jsonl/doc_0076.jsonl
doc_0077,batch_002,Copyright Act Cap C28 Lfn 2004,2004,27,ready_for_embedding,2004/copyright-act-cap-c28-lfn-2004.pdf,original_pdfs/doc_0077.pdf,laws_pdf/batch_002/doc_0077.pdf,laws_text/batch_002/doc_0077.txt,chunks_jsonl/doc_0077.jsonl
doc_0078,batch_002,Corneal Grafting Act Cap C29 Lfn 2004,2004,2,ready_for_embedding,2004/corneal-grafting-act-cap-c29-lfn-2004.pdf,original_pdfs/doc_0078.pdf,laws_pdf/batch_002/doc_0078.pdf,laws_text/batch_002/doc_0078.txt,chunks_jsonl/doc_0078.jsonl
doc_0079,batch_002,Corporate Bodies Members Emoluments Acts Cap C30 Lfn 2004,2004,1,ready_for_embedding,2004/corporate-bodies-members-emoluments-acts-cap-c30-lfn-2004.pdf,original_pdfs/doc_0079.pdf,laws_pdf/batch_002/doc_0079.pdf,laws_text/batch_002/doc_0079.txt,chunks_jsonl/doc_0079.jsonl
doc_0080,batch_002,Corrupt Practices And Other Related Offences Act Cap C31 Lfn 2004,2004,14,ready_for_embedding,2004/corrupt-practices-and-other-related-offences-act-cap-c31-lfn-2004.pdf,original_pdfs/doc_0080.pdf,laws_pdf/batch_002/doc_0080.pdf,laws_text/batch_002/doc_0080.txt,chunks_jsonl/doc_0080.jsonl
doc_0081,batch_002,Council Of Ministers Evidence Act Cap C32 Lfn 2004,2004,2,ready_for_embedding,2004/council-of-ministers-evidence-act-cap-c32-lfn-2004.pdf,original_pdfs/doc_0081.pdf,laws_pdf/batch_002/doc_0081.pdf,laws_text/batch_002/doc_0081.txt,chunks_jsonl/doc_0081.jsonl
doc_0082,batch_002,Council Of Nigerian Mining Engineers And Geo Scientists Act Act Cap C33 Lfn 2004,2004,9,ready_for_embedding,2004/council-of-nigerian-mining-engineers-and-geo-scientists-act-act-cap-c33-lfn-2004.pdf,original_pdfs/doc_0082.pdf,laws_pdf/batch_002/doc_0082.pdf,laws_text/batch_002/doc_0082.txt,chunks_jsonl/doc_0082.jsonl
doc_0083,batch_002,Counterfeit And Fake Drugs And Unwholesome Processed Foods Miscellaneous Provisions Act Cap C34 Lfn 2004,2004,5,ready_for_embedding,2004/counterfeit-and-fake-drugs-and-unwholesome-processed-foods-miscellaneous-provisions-act-cap-c34-lfn-2004.pdf,original_pdfs/doc_0083.pdf,laws_pdf/batch_002/doc_0083.pdf,laws_text/batch_002/doc_0083.txt,chunks_jsonl/doc_0083.jsonl
doc_0084,batch_002,Counterfeit Currency Special Provisions Act Cap C35 Lfn 2004,2004,5,ready_for_embedding,2004/counterfeit-currency-special-provisions-act-cap-c35-lfn-2004.pdf,original_pdfs/doc_0084.pdf,laws_pdf/batch_002/doc_0084.pdf,laws_text/batch_002/doc_0084.txt,chunks_jsonl/doc_0084.jsonl
doc_0085,batch_002,Court Of Appeal Act Cap C36 Lfn 2004,2004,7,ready_for_embedding,2004/court-of-appeal-act-cap-c36-lfn-2004.pdf,original_pdfs/doc_0085.pdf,laws_pdf/batch_002/doc_0085.pdf,laws_text/batch_002/doc_0085.txt,chunks_jsonl/doc_0085.jsonl
doc_0086,batch_002,Creation Of States And Boundary Adjustment Procedure Act Cap C37 Lfn 2004,2004,4,ready_for_embedding,2004/creation-of-states-and-boundary-adjustment-procedure-act-cap-c37-lfn-2004.pdf,original_pdfs/doc_0086.pdf,laws_pdf/batch_002/doc_0086.pdf,laws_text/batch_002/doc_0086.txt,chunks_jsonl/doc_0086.jsonl
doc_0087,batch_002,Criminal Code Act Cap C38 Lfn 2004,2004,97,ready_for_embedding,2004/criminal-code-act-cap-c38-lfn-2004.pdf,original_pdfs/doc_0087.pdf,laws_pdf/batch_002/doc_0087.pdf,laws_text/batch_002/doc_0087.txt,chunks_jsonl/doc_0087.jsonl
doc_0088,batch_002,Criminal Justice Miscellaneous Provisions Act Cap C39 Lfn 2004,2004,4,ready_for_embedding,2004/criminal-justice-miscellaneous-provisions-act-cap-c39-lfn-2004.pdf,original_pdfs/doc_0088.pdf,laws_pdf/batch_002/doc_0088.pdf,laws_text/batch_002/doc_0088.txt,chunks_jsonl/doc_0088.jsonl
doc_0089,batch_002,Criminal Justice Release From Custody Special Provisions Act Cap C40 Lfn 2004,2004,1,ready_for_embedding,2004/criminal-justice-release-from-custody-special-provisions-act-cap-c40-lfn-2004.pdf,original_pdfs/doc_0089.pdf,laws_pdf/batch_002/doc_0089.pdf,laws_text/batch_002/doc_0089.txt,chunks_jsonl/doc_0089.jsonl
doc_0090,batch_002,Currency Conversion Freezing Orders Act Cap C41 Lfn 2004,2004,4,ready_for_embedding,2004/currency-conversion-freezing-orders-act-cap-c41-lfn-2004.pdf,original_pdfs/doc_0090.pdf,laws_pdf/batch_002/doc_0090.pdf,laws_text/batch_002/doc_0090.txt,chunks_jsonl/doc_0090.jsonl
doc_0091,batch_002,Currency Offences Act Cap C44 Lfn 2004,2004,2,ready_for_embedding,2004/currency-offences-act-cap-c44-lfn-2004.pdf,original_pdfs/doc_0091.pdf,laws_pdf/batch_002/doc_0091.pdf,laws_text/batch_002/doc_0091.txt,chunks_jsonl/doc_0091.jsonl
doc_0092,batch_002,Custom Duties Dumped And Subsidized Goods Act Cap C48 Lfn 2004,2004,5,ready_for_embedding,2004/custom-duties-dumped-and-subsidized-goods-act-cap-c48-lfn-2004.pdf,original_pdfs/doc_0092.pdf,laws_pdf/batch_002/doc_0092.pdf,laws_text/batch_002/doc_0092.txt,chunks_jsonl/doc_0092.jsonl
doc_0093,batch_002,Customs And Excise Management Act Cap C45 Lfn 2004,2004,67,ready_for_embedding,2004/customs-and-excise-management-act-cap-c45-lfn-2004.pdf,original_pdfs/doc_0093.pdf,laws_pdf/batch_002/doc_0093.pdf,laws_text/batch_002/doc_0093.txt,chunks_jsonl/doc_0093.jsonl
doc_0094,batch_002,Customs And Excise Special Penal And Other Provisions Act Cap C47 Lfn 2004,2004,2,ready_for_embedding,2004/customs-and-excise-special-penal-and-other-provisions-act-cap-c47-lfn-2004.pdf,original_pdfs/doc_0094.pdf,laws_pdf/batch_002/doc_0094.pdf,laws_text/batch_002/doc_0094.txt,chunks_jsonl/doc_0094.jsonl
doc_0095,batch_002,Customs Excise Tariff Etc Consolidation Act Cap C49 Lfn 2004,2004,352,ready_for_embedding,2004/customs-excise-tariff-etc-consolidation-act-cap-c49-lfn-2004.pdf,original_pdfs/doc_0095.pdf,laws_pdf/batch_002/doc_0095.pdf,laws_text/batch_002/doc_0095.txt,chunks_jsonl/doc_0095.jsonl
doc_0096,batch_002,Dangerous Drugs Act Cap D1 Lfn 2004,2004,11,ready_for_embedding,2004/dangerous-drugs-act-cap-d1-lfn-2004.pdf,original_pdfs/doc_0096.pdf,laws_pdf/batch_002/doc_0096.pdf,laws_text/batch_002/doc_0096.txt,chunks_jsonl/doc_0096.jsonl
doc_0097,batch_002,Decimal Currency Act Cap D2 Lfn 2004,2004,3,ready_for_embedding,2004/decimal-currency-act-cap-d2-lfn-2004.pdf,original_pdfs/doc_0097.pdf,laws_pdf/batch_002/doc_0097.pdf,laws_text/batch_002/doc_0097.txt,chunks_jsonl/doc_0097.jsonl
doc_0098,batch_002,Deep Offshore And Inland Basin Production Sharing Contracts Act Cap D3 Lfn 2004,2004,1,ready_for_embedding,2004/deep-offshore-and-inland-basin-production-sharing-contracts-act-cap-d3-lfn-2004.pdf,original_pdfs/doc_0098.pdf,laws_pdf/batch_002/doc_0098.pdf,laws_text/batch_002/doc_0098.txt,chunks_jsonl/doc_0098.jsonl
doc_0099,batch_002,Defence Industries Corporation Of Nigeria Act Cap D4 Lfn 2004,2004,6,ready_for_embedding,2004/defence-industries-corporation-of-nigeria-act-cap-d4-lfn-2004.pdf,original_pdfs/doc_0099.pdf,laws_pdf/batch_002/doc_0099.pdf,laws_text/batch_002/doc_0099.txt,chunks_jsonl/doc_0099.jsonl
doc_0100,batch_002,Defence Industries Corporation Of Nigeria Exclusion Of Armed Forces Armament Depot Act Cap D5 Lfn 2004,2004,1,ready_for_embedding,2004/defence-industries-corporation-of-nigeria-exclusion-of-armed-forces-armament-depot-act-cap-d5-lfn-2004.pdf,original_pdfs/doc_0100.pdf,laws_pdf/batch_002/doc_0100.pdf,laws_text/batch_002/doc_0100.txt,chunks_jsonl/doc_0100.jsonl
doc_0101,batch_003,Dental Technologists Registration Etc Act Cap D6 Lfn 2004,2004,14,ready_for_embedding,2004/dental-technologists-registration-etc-act-cap-d6-lfn-2004.pdf,original_pdfs/doc_0101.pdf,laws_pdf/batch_003/doc_0101.pdf,laws_text/batch_003/doc_0101.txt,chunks_jsonl/doc_0101.jsonl
doc_0102,batch_003,Dental Therapists Registration Etc Act Cap D7 Lfn 2004,2004,14,ready_for_embedding,2004/dental-therapists-registration-etc-act-cap-d7-lfn-2004.pdf,original_pdfs/doc_0102.pdf,laws_pdf/batch_003/doc_0102.pdf,laws_text/batch_003/doc_0102.txt,chunks_jsonl/doc_0102.jsonl
doc_0103,batch_003,Designation Of Enactments Act Cap D8 Lfn 2004,2004,1,ready_for_embedding,2004/designation-of-enactments-act-cap-d8-lfn-2004.pdf,original_pdfs/doc_0103.pdf,laws_pdf/batch_003/doc_0103.pdf,laws_text/batch_003/doc_0103.txt,chunks_jsonl/doc_0103.jsonl
doc_0104,batch_003,Diplomatic Immunities Privileges Act Cap D9 Lfn 2004,2004,9,ready_for_embedding,2004/diplomatic-immunities-privileges-act-cap-d9-lfn-2004.pdf,original_pdfs/doc_0104.pdf,laws_pdf/batch_003/doc_0104.pdf,laws_text/batch_003/doc_0104.txt,chunks_jsonl/doc_0104.jsonl
doc_0105,batch_003,Directorate Of Food Roads And Rural Infrastructures Act Cap D10 Lfn 2004,2004,5,ready_for_embedding,2004/directorate-of-food-roads-and-rural-infrastructures-act-cap-d10-lfn-2004.pdf,original_pdfs/doc_0105.pdf,laws_pdf/batch_003/doc_0105.pdf,laws_text/batch_003/doc_0105.txt,chunks_jsonl/doc_0105.jsonl
doc_0106,batch_003,Dishonoured Cheques Offences Act Cap D11 Lfn 2004,2004,2,ready_for_embedding,2004/dishonoured-cheques-offences-act-cap-d11-lfn-2004.pdf,original_pdfs/doc_0106.pdf,laws_pdf/batch_003/doc_0106.pdf,laws_text/batch_003/doc_0106.txt,chunks_jsonl/doc_0106.jsonl
doc_0107,batch_003,Education National Minimum Standards And Establishment Of Institutions Act Cap E2 Lfn 2004,2004,11,ready_for_embedding,2004/education-national-minimum-standards-and-establishment-of-institutions-act-cap-e2-lfn-2004.pdf,original_pdfs/doc_0107.pdf,laws_pdf/batch_003/doc_0107.pdf,laws_text/batch_003/doc_0107.txt,chunks_jsonl/doc_0107.jsonl
doc_0108,batch_003,Education Tax Act Cap E4 Lfn 2004,2004,8,ready_for_embedding,2004/education-tax-act-cap-e4-lfn-2004.pdf,original_pdfs/doc_0108.pdf,laws_pdf/batch_003/doc_0108.pdf,laws_text/batch_003/doc_0108.txt,chunks_jsonl/doc_0108.jsonl
doc_0109,batch_003,Electoral Act Cap E6 Lfn 2004,2004,66,ready_for_embedding,2004/electoral-act-cap-e6-lfn-2004.pdf,original_pdfs/doc_0109.pdf,laws_pdf/batch_003/doc_0109.pdf,laws_text/batch_003/doc_0109.txt,chunks_jsonl/doc_0109.jsonl
doc_0110,batch_003,Employees Housing Schemes Special Provisions Act Cap E8 Lfn 2004,2004,5,ready_for_embedding,2004/employees-housing-schemes-special-provisions-act-cap-e8-lfn-2004.pdf,original_pdfs/doc_0110.pdf,laws_pdf/batch_003/doc_0110.pdf,laws_text/batch_003/doc_0110.txt,chunks_jsonl/doc_0110.jsonl
doc_0111,batch_003,Endangered Species Control Of International Trade And Traffic Act Cap E9 Lfn 2004,2004,10,ready_for_embedding,2004/endangered-species-control-of-international-trade-and-traffic-act-cap-e9-lfn-2004.pdf,original_pdfs/doc_0111.pdf,laws_pdf/batch_003/doc_0111.pdf,laws_text/batch_003/doc_0111.txt,chunks_jsonl/doc_0111.jsonl
doc_0112,batch_003,Engineers Registration Etc Act Cap E11 Lfn 2004,2004,15,ready_for_embedding,2004/engineers-registration-etc-act-cap-e11-lfn-2004.pdf,original_pdfs/doc_0112.pdf,laws_pdf/batch_003/doc_0112.pdf,laws_text/batch_003/doc_0112.txt,chunks_jsonl/doc_0112.jsonl
doc_0113,batch_003,Environmental Impact Assessment Act Cap E12 Lfn 2004,2004,20,ready_for_embedding,2004/environmental-impact-assessment-act-cap-e12-lfn-2004.pdf,original_pdfs/doc_0113.pdf,laws_pdf/batch_003/doc_0113.pdf,laws_text/batch_003/doc_0113.txt,chunks_jsonl/doc_0113.jsonl
doc_0114,batch_003,Estate Surveyors And Valuers Registration Etc Act Cap E13 Lfn 2004,2004,12,ready_for_embedding,2004/estate-surveyors-and-valuers-registration-etc-act-cap-e13-lfn-2004.pdf,original_pdfs/doc_0114.pdf,laws_pdf/batch_003/doc_0114.pdf,laws_text/batch_003/doc_0114.txt,chunks_jsonl/doc_0114.jsonl
doc_0115,batch_003,Examination Malpractices Act Cap E15 Lfn 2004,2004,7,ready_for_embedding,2004/examination-malpractices-act-cap-e15-lfn-2004.pdf,original_pdfs/doc_0115.pdf,laws_pdf/batch_003/doc_0115.pdf,laws_text/batch_003/doc_0115.txt,chunks_jsonl/doc_0115.jsonl
doc_0116,batch_003,Excise Control Of Distillation Act Cap E16 Lfn 2004,2004,6,ready_for_embedding,2004/excise-control-of-distillation-act-cap-e16-lfn-2004.pdf,original_pdfs/doc_0116.pdf,laws_pdf/batch_003/doc_0116.pdf,laws_text/batch_003/doc_0116.txt,chunks_jsonl/doc_0116.jsonl
doc_0117,batch_003,Exclusive Economic Zones Act Cap E17 Lfn 2004,2004,3,ready_for_embedding,2004/exclusive-economic-zones-act-cap-e17-lfn-2004.pdf,original_pdfs/doc_0117.pdf,laws_pdf/batch_003/doc_0117.pdf,laws_text/batch_003/doc_0117.txt,chunks_jsonl/doc_0117.jsonl
doc_0118,batch_003,Explosives Act Cap E18 Lfn 2004,2004,1,ready_for_embedding,2004/explosives-act-cap-e18-lfn-2004.pdf,original_pdfs/doc_0118.pdf,laws_pdf/batch_003/doc_0118.pdf,laws_text/batch_003/doc_0118.txt,chunks_jsonl/doc_0118.jsonl
doc_0119,batch_003,Export Incentives And Miscellaneous Provisions Act Cap E19 Lfn 2004,2004,5,ready_for_embedding,2004/export-incentives-and-miscellaneous-provisions-act-cap-e19-lfn-2004.pdf,original_pdfs/doc_0119.pdf,laws_pdf/batch_003/doc_0119.pdf,laws_text/batch_003/doc_0119.txt,chunks_jsonl/doc_0119.jsonl
doc_0120,batch_003,Export Of Nigerian Produce Act Cap E20 Lfn 2004,2004,3,ready_for_embedding,2004/export-of-nigerian-produce-act-cap-e20-lfn-2004.pdf,original_pdfs/doc_0120.pdf,laws_pdf/batch_003/doc_0120.pdf,laws_text/batch_003/doc_0120.txt,chunks_jsonl/doc_0120.jsonl
doc_0121,batch_003,Export Produce Federal Powers Act Cap E21 Lfn 2004,2004,3,ready_for_embedding,2004/export-produce-federal-powers-act-cap-e21-lfn-2004.pdf,original_pdfs/doc_0121.pdf,laws_pdf/batch_003/doc_0121.pdf,laws_text/batch_003/doc_0121.txt,chunks_jsonl/doc_0121.jsonl
doc_0122,batch_003,Export Prohibition Act Cap E22 Lfn 2004,2004,2,ready_for_embedding,2004/export-prohibition-act-cap-e22-lfn-2004.pdf,original_pdfs/doc_0122.pdf,laws_pdf/batch_003/doc_0122.pdf,laws_text/batch_003/doc_0122.txt,chunks_jsonl/doc_0122.jsonl
doc_0123,batch_003,External Trade Letters Of Creditcontrol Act Cap E24 Lfn 2004,2004,2,ready_for_embedding,2004/external-trade-letters-of-creditcontrol-act-cap-e24-lfn-2004.pdf,original_pdfs/doc_0123.pdf,laws_pdf/batch_003/doc_0123.pdf,laws_text/batch_003/doc_0123.txt,chunks_jsonl/doc_0123.jsonl
doc_0124,batch_003,Extradition Act Cap E25 Lfn 2004,2004,11,ready_for_embedding,2004/extradition-act-cap-e25-lfn-2004.pdf,original_pdfs/doc_0124.pdf,laws_pdf/batch_003/doc_0124.pdf,laws_text/batch_003/doc_0124.txt,chunks_jsonl/doc_0124.jsonl
doc_0125,batch_003,Factories Act Cap F1 Lfn 2004,2004,49,ready_for_embedding,2004/factories-act-cap-f1-lfn-2004.pdf,original_pdfs/doc_0125.pdf,laws_pdf/batch_003/doc_0125.pdf,laws_text/batch_003/doc_0125.txt,chunks_jsonl/doc_0125.jsonl
doc_0126,batch_003,Failed Banks Recovery Of Debts And Financial Malpractices In Banks Act Cap F2 Lfn 2004,2004,10,ready_for_embedding,2004/failed-banks-recovery-of-debts-and-financial-malpractices-in-banks-act-cap-f2-lfn-2004.pdf,original_pdfs/doc_0126.pdf,laws_pdf/batch_003/doc_0126.pdf,laws_text/batch_003/doc_0126.txt,chunks_jsonl/doc_0126.jsonl
doc_0127,batch_003,Family Economic Advancement Programme Establishment Etc Act Cap F3 Lfn 2004,2004,13,ready_for_embedding,2004/family-economic-advancement-programme-establishment-etc-act-cap-f3-lfn-2004.pdf,original_pdfs/doc_0127.pdf,laws_pdf/batch_003/doc_0127.pdf,laws_text/batch_003/doc_0127.txt,chunks_jsonl/doc_0127.jsonl
doc_0128,batch_003,Family Support Trust Fund Act Cap F4 Lfn 2004,2004,7,ready_for_embedding,2004/family-support-trust-fund-act-cap-f4-lfn-2004.pdf,original_pdfs/doc_0128.pdf,laws_pdf/batch_003/doc_0128.pdf,laws_text/batch_003/doc_0128.txt,chunks_jsonl/doc_0128.jsonl
doc_0129,batch_003,Federal Airports Authority Of Nigeria Act Cap F5 Lfn 2004,2004,13,ready_for_embedding,2004/federal-airports-authority-of-nigeria-act-cap-f5-lfn-2004.pdf,original_pdfs/doc_0129.pdf,laws_pdf/batch_003/doc_0129.pdf,laws_text/batch_003/doc_0129.txt,chunks_jsonl/doc_0129.jsonl
doc_0130,batch_003,Federal Capital Territory Act Cap F6 Lfn 2004,2004,9,ready_for_embedding,2004/federal-capital-territory-act-cap-f6-lfn-2004.pdf,original_pdfs/doc_0130.pdf,laws_pdf/batch_003/doc_0130.pdf,laws_text/batch_003/doc_0130.txt,chunks_jsonl/doc_0130.jsonl
doc_0131,batch_003,Federal Character Commission Establishment Etc Act Cap F7 Lfn 2004,2004,14,ready_for_embedding,2004/federal-character-commission-establishment-etc-act-cap-f7-lfn-2004.pdf,original_pdfs/doc_0131.pdf,laws_pdf/batch_003/doc_0131.pdf,laws_text/batch_003/doc_0131.txt,chunks_jsonl/doc_0131.jsonl
doc_0132,batch_003,Federal Colleges Of Education Act Cap F8 Lfn 2004,2004,11,ready_for_embedding,2004/federal-colleges-of-education-act-cap-f8-lfn-2004.pdf,original_pdfs/doc_0132.pdf,laws_pdf/batch_003/doc_0132.pdf,laws_text/batch_003/doc_0132.txt,chunks_jsonl/doc_0132.jsonl
doc_0133,batch_003,Federal Commissions Privileges And Immunities Act Cap F9 Lfn 2004,2004,1,ready_for_embedding,2004/federal-commissions-privileges-and-immunities-act-cap-f9-lfn-2004.pdf,original_pdfs/doc_0133.pdf,laws_pdf/batch_003/doc_0133.pdf,laws_text/batch_003/doc_0133.txt,chunks_jsonl/doc_0133.jsonl
doc_0134,batch_003,Federal Government Staff Housing Board Act Cap F11 Lfn 2004,2004,4,ready_for_embedding,2004/federal-government-staff-housing-board-act-cap-f11-lfn-2004.pdf,original_pdfs/doc_0134.pdf,laws_pdf/batch_003/doc_0134.pdf,laws_text/batch_003/doc_0134.txt,chunks_jsonl/doc_0134.jsonl
doc_0135,batch_003,Federal High Court Act Cap F12 Lfn 2004,2004,16,ready_for_embedding,2004/federal-high-court-act-cap-f12-lfn-2004.pdf,original_pdfs/doc_0135.pdf,laws_pdf/batch_003/doc_0135.pdf,laws_text/batch_003/doc_0135.txt,chunks_jsonl/doc_0135.jsonl
doc_0136,batch_003,Federal Highways Act Cap F13 Lfn 2004,2004,33,ready_for_embedding,2004/federal-highways-act-cap-f13-lfn-2004.pdf,original_pdfs/doc_0136.pdf,laws_pdf/batch_003/doc_0136.pdf,laws_text/batch_003/doc_0136.txt,chunks_jsonl/doc_0136.jsonl
doc_0137,batch_003,Federal Housing Authority Act Cap F14 Lfn 2004,2004,6,ready_for_embedding,2004/federal-housing-authority-act-cap-f14-lfn-2004.pdf,original_pdfs/doc_0137.pdf,laws_pdf/batch_003/doc_0137.pdf,laws_text/batch_003/doc_0137.txt,chunks_jsonl/doc_0137.jsonl
doc_0138,batch_003,Federal Lands Registry Miscellaneous Provisions Act Cap F15 Lfn 2004,2004,4,ready_for_embedding,2004/federal-lands-registry-miscellaneous-provisions-act-cap-f15-lfn-2004.pdf,original_pdfs/doc_0138.pdf,laws_pdf/batch_003/doc_0138.pdf,laws_text/batch_003/doc_0138.txt,chunks_jsonl/doc_0138.jsonl
doc_0139,batch_003,Federal Mortgage Bank Of Nigeria Act Cap F16 Lfn 2004,2004,9,ready_for_embedding,2004/federal-mortgage-bank-of-nigeria-act-cap-f16-lfn-2004.pdf,original_pdfs/doc_0139.pdf,laws_pdf/batch_003/doc_0139.pdf,laws_text/batch_003/doc_0139.txt,chunks_jsonl/doc_0139.jsonl
doc_0140,batch_003,Federal Polytechnics Act Cap F17 Lfn 2004,2004,14,ready_for_embedding,2004/federal-polytechnics-act-cap-f17-lfn-2004.pdf,original_pdfs/doc_0140.pdf,laws_pdf/batch_003/doc_0140.pdf,laws_text/batch_003/doc_0140.txt,chunks_jsonl/doc_0140.jsonl
doc_0141,batch_003,Federal Radio Corporation Of Nigeria Act Cap F18 Lfn 2004,2004,15,ready_for_embedding,2004/federal-radio-corporation-of-nigeria-act-cap-f18-lfn-2004.pdf,original_pdfs/doc_0141.pdf,laws_pdf/batch_003/doc_0141.pdf,laws_text/batch_003/doc_0141.txt,chunks_jsonl/doc_0141.jsonl
doc_0142,batch_003,Federal Road Safety Commission Act Cap F19 Lfn 2004,2004,116,ready_for_embedding,2004/federal-road-safety-commission-act-cap-f19-lfn-2004.pdf,original_pdfs/doc_0142.pdf,laws_pdf/batch_003/doc_0142.pdf,laws_text/batch_003/doc_0142.txt,chunks_jsonl/doc_0142.jsonl
doc_0143,batch_003,Federal Savings Bank Act Cap F20 Lfn 2004,2004,6,ready_for_embedding,2004/federal-savings-bank-act-cap-f20-lfn-2004.pdf,original_pdfs/doc_0143.pdf,laws_pdf/batch_003/doc_0143.pdf,laws_text/batch_003/doc_0143.txt,chunks_jsonl/doc_0143.jsonl
doc_0144,batch_003,Federal School Of Surveying Act Cap F21 Lfn 2004,2004,9,ready_for_embedding,2004/federal-school-of-surveying-act-cap-f21-lfn-2004.pdf,original_pdfs/doc_0144.pdf,laws_pdf/batch_003/doc_0144.pdf,laws_text/batch_003/doc_0144.txt,chunks_jsonl/doc_0144.jsonl
doc_0145,batch_003,Federal Universities Of Agriculture Act Cap F22 Lfn 2004,2004,22,ready_for_embedding,2004/federal-universities-of-agriculture-act-cap-f22-lfn-2004.pdf,original_pdfs/doc_0145.pdf,laws_pdf/batch_003/doc_0145.pdf,laws_text/batch_003/doc_0145.txt,chunks_jsonl/doc_0145.jsonl
doc_0146,batch_003,Federal Universities Of Technology Act Cap F23 Lfn 2004,2004,21,ready_for_embedding,2004/federal-universities-of-technology-act-cap-f23-lfn-2004.pdf,original_pdfs/doc_0146.pdf,laws_pdf/batch_003/doc_0146.pdf,laws_text/batch_003/doc_0146.txt,chunks_jsonl/doc_0146.jsonl
doc_0147,batch_003,Federal Urban Mass Transit Agency Act Cap F24 Lfn 2004,2004,6,ready_for_embedding,2004/federal-urban-mass-transit-agency-act-cap-f24-lfn-2004.pdf,original_pdfs/doc_0147.pdf,laws_pdf/batch_003/doc_0147.pdf,laws_text/batch_003/doc_0147.txt,chunks_jsonl/doc_0147.jsonl
doc_0148,batch_003,Fertilizer Control Act Cap F25 Lfn 2004,2004,3,ready_for_embedding,2004/fertilizer-control-act-cap-f25-lfn-2004.pdf,original_pdfs/doc_0148.pdf,laws_pdf/batch_003/doc_0148.pdf,laws_text/batch_003/doc_0148.txt,chunks_jsonl/doc_0148.jsonl
doc_0149,batch_003,Finance Control And Management Act Cap F26 Lfn 2004,2004,11,ready_for_embedding,2004/finance-control-and-management-act-cap-f26-lfn-2004.pdf,original_pdfs/doc_0149.pdf,laws_pdf/batch_003/doc_0149.pdf,laws_text/batch_003/doc_0149.txt,chunks_jsonl/doc_0149.jsonl
doc_0150,batch_003,Financial Year Act Cap F27 Lfn 2004,2004,1,ready_for_embedding,2004/financial-year-act-cap-f27-lfn-2004.pdf,original_pdfs/doc_0150.pdf,laws_pdf/batch_003/doc_0150.pdf,laws_text/batch_003/doc_0150.txt,chunks_jsonl/doc_0150.jsonl
doc_0151,batch_004,Fire Service Act Cap F29 Lfn 2004,2004,15,ready_for_embedding,2004/fire-service-act-cap-f29-lfn-2004.pdf,original_pdfs/doc_0151.pdf,laws_pdf/batch_004/doc_0151.pdf,laws_text/batch_004/doc_0151.txt,chunks_jsonl/doc_0151.jsonl
doc_0152,batch_004,Firearms Act Cap F28 Lfn 2004,2004,24,ready_for_embedding,2004/firearms-act-cap-f28-lfn-2004.pdf,original_pdfs/doc_0152.pdf,laws_pdf/batch_004/doc_0152.pdf,laws_text/batch_004/doc_0152.txt,chunks_jsonl/doc_0152.jsonl
doc_0153,batch_004,Flags And Coat Of Arms Act Cap F30 Lfn 2004,2004,3,ready_for_embedding,2004/flags-and-coat-of-arms-act-cap-f30-lfn-2004.pdf,original_pdfs/doc_0153.pdf,laws_pdf/batch_004/doc_0153.pdf,laws_text/batch_004/doc_0153.txt,chunks_jsonl/doc_0153.jsonl
doc_0154,batch_004,Flags Of Nigerian Ships Act Cap F31 Lfn 2004,2004,2,ready_for_embedding,2004/flags-of-nigerian-ships-act-cap-f31-lfn-2004.pdf,original_pdfs/doc_0154.pdf,laws_pdf/batch_004/doc_0154.pdf,laws_text/batch_004/doc_0154.txt,chunks_jsonl/doc_0154.jsonl
doc_0155,batch_004,Food And Drugs Act Flags Of Nigerian Ships Act Cap F32 Lfn 2004,2004,15,ready_for_embedding,2004/food-and-drugs-act-flags-of-nigerian-ships-act-cap-f32-lfn-2004.pdf,original_pdfs/doc_0155.pdf,laws_pdf/batch_004/doc_0155.pdf,laws_text/batch_004/doc_0155.txt,chunks_jsonl/doc_0155.jsonl
doc_0156,batch_004,Food Drugs And Related Products Registration Etc Act Cap F33 Lfn 2004,2004,5,ready_for_embedding,2004/food-drugs-and-related-products-registration-etc-act-cap-f33-lfn-2004.pdf,original_pdfs/doc_0156.pdf,laws_pdf/batch_004/doc_0156.pdf,laws_text/batch_004/doc_0156.txt,chunks_jsonl/doc_0156.jsonl
doc_0157,batch_004,Foreign Exchange Monitoring And Miscellaneous Provisions Act Cap F34 Lfn 2004,2004,11,ready_for_embedding,2004/foreign-exchange-monitoring-and-miscellaneous-provisions-act-cap-f34-lfn-2004.pdf,original_pdfs/doc_0157.pdf,laws_pdf/batch_004/doc_0157.pdf,laws_text/batch_004/doc_0157.txt,chunks_jsonl/doc_0157.jsonl
doc_0158,batch_004,Foreign Judgements Reciprocal Enforcement Act Cap F35 Lfn 2004,2004,6,ready_for_embedding,2004/foreign-judgements-reciprocal-enforcement-act-cap-f35-lfn-2004.pdf,original_pdfs/doc_0158.pdf,laws_pdf/batch_004/doc_0158.pdf,laws_text/batch_004/doc_0158.txt,chunks_jsonl/doc_0158.jsonl
doc_0159,batch_004,Gaming Machines Prohibition Act Cap G1 Lfn 2004,2004,2,ready_for_embedding,2004/gaming-machines-prohibition-act-cap-g1-lfn-2004.pdf,original_pdfs/doc_0159.pdf,laws_pdf/batch_004/doc_0159.pdf,laws_text/batch_004/doc_0159.txt,chunks_jsonl/doc_0159.jsonl
doc_0160,batch_004,General Loan And Stock Act Cap G2 Lfn 2004,2004,8,ready_for_embedding,2004/general-loan-and-stock-act-cap-g2-lfn-2004.pdf,original_pdfs/doc_0160.pdf,laws_pdf/batch_004/doc_0160.pdf,laws_text/batch_004/doc_0160.txt,chunks_jsonl/doc_0160.jsonl
doc_0161,batch_004,Geneva Conventions Act Cap G3 Lfn 2004,2004,8,ready_for_embedding,2004/geneva-conventions-act-cap-g3-lfn-2004.pdf,original_pdfs/doc_0161.pdf,laws_pdf/batch_004/doc_0161.pdf,laws_text/batch_004/doc_0161.txt,chunks_jsonl/doc_0161.jsonl
doc_0162,batch_004,Government Promissory Notes Act Cap G4 Lfn 2004,2004,5,ready_for_embedding,2004/government-promissory-notes-act-cap-g4-lfn-2004.pdf,original_pdfs/doc_0162.pdf,laws_pdf/batch_004/doc_0162.pdf,laws_text/batch_004/doc_0162.txt,chunks_jsonl/doc_0162.jsonl
doc_0163,batch_004,Harmful Waste Special Criminal Provisions Etc Act Cap H1 Lfn 2004,2004,1,ready_for_embedding,2004/harmful-waste-special-criminal-provisions-etc-act-cap-h1-lfn-2004.pdf,original_pdfs/doc_0163.pdf,laws_pdf/batch_004/doc_0163.pdf,laws_text/batch_004/doc_0163.txt,chunks_jsonl/doc_0163.jsonl
doc_0164,batch_004,Health Records Officers Registration Etc Act Cap H2 Lfn 2004,2004,15,ready_for_embedding,2004/health-records-officers-registration-etc-act-cap-h2-lfn-2004.pdf,original_pdfs/doc_0164.pdf,laws_pdf/batch_004/doc_0164.pdf,laws_text/batch_004/doc_0164.txt,chunks_jsonl/doc_0164.jsonl
doc_0165,batch_004,Hides And Skin Act Cap H3 Lfn 2004,2004,1,ready_for_embedding,2004/hides-and-skin-act-cap-h3-lfn-2004.pdf,original_pdfs/doc_0165.pdf,laws_pdf/batch_004/doc_0165.pdf,laws_text/batch_004/doc_0165.txt,chunks_jsonl/doc_0165.jsonl
doc_0166,batch_004,Hire Purchase Act Cap H4 Lfn 2004,2004,19,ready_for_embedding,2004/hire-purchase-act-cap-h4-lfn-2004.pdf,original_pdfs/doc_0166.pdf,laws_pdf/batch_004/doc_0166.pdf,laws_text/batch_004/doc_0166.txt,chunks_jsonl/doc_0166.jsonl
doc_0167,batch_004,Hydrocarbon Oil Refineries Act Cap H5 Lfn 2004,2004,11,ready_for_embedding,2004/hydrocarbon-oil-refineries-act-cap-h5-lfn-2004.pdf,original_pdfs/doc_0167.pdf,laws_pdf/batch_004/doc_0167.pdf,laws_text/batch_004/doc_0167.txt,chunks_jsonl/doc_0167.jsonl
doc_0168,batch_004,Immigration Act Cap I1 Lfn 2004,2004,47,ready_for_embedding,2004/immigration-act-cap-i1-lfn-2004.pdf,original_pdfs/doc_0168.pdf,laws_pdf/batch_004/doc_0168.pdf,laws_text/batch_004/doc_0168.txt,chunks_jsonl/doc_0168.jsonl
doc_0169,batch_004,Import Prohibition Act Cap I3 Lfn 2004,2004,2,ready_for_embedding,2004/import-prohibition-act-cap-i3-lfn-2004.pdf,original_pdfs/doc_0169.pdf,laws_pdf/batch_004/doc_0169.pdf,laws_text/batch_004/doc_0169.txt,chunks_jsonl/doc_0169.jsonl
doc_0170,batch_004,Income Tax Authorised Communications Act Cap I4 Lfn 2004,2004,3,ready_for_embedding,2004/income-tax-authorised-communications-act-cap-i4-lfn-2004.pdf,original_pdfs/doc_0170.pdf,laws_pdf/batch_004/doc_0170.pdf,laws_text/batch_004/doc_0170.txt,chunks_jsonl/doc_0170.jsonl
doc_0171,batch_004,Indian Hemp Act Cap I6 Lfn 2004,2004,5,ready_for_embedding,2004/indian-hemp-act-cap-i6-lfn-2004.pdf,original_pdfs/doc_0171.pdf,laws_pdf/batch_004/doc_0171.pdf,laws_text/batch_004/doc_0171.txt,chunks_jsonl/doc_0171.jsonl
doc_0172,batch_004,Industrial Development Income Tax Relief Act Cap I7 Lfn 2004,2004,12,ready_for_embedding,2004/industrial-development-income-tax-relief-act-cap-i7-lfn-2004.pdf,original_pdfs/doc_0172.pdf,laws_pdf/batch_004/doc_0172.pdf,laws_text/batch_004/doc_0172.txt,chunks_jsonl/doc_0172.jsonl
doc_0173,batch_004,Industrial Inspectorate Act Cap I8 Lfn 2004,2004,0,needs_ocr_or_review,2004/industrial-inspectorate-act-cap-i8-lfn-2004.pdf,original_pdfs/doc_0173.pdf,laws_pdf/batch_004/doc_0173.pdf,,chunks_jsonl/doc_0173.jsonl
doc_0174,batch_004,Industrial Training Fund Act Cap I9 Lfn 2004,2004,7,ready_for_embedding,2004/industrial-training-fund-act-cap-i9-lfn-2004.pdf,original_pdfs/doc_0174.pdf,laws_pdf/batch_004/doc_0174.pdf,laws_text/batch_004/doc_0174.txt,chunks_jsonl/doc_0174.jsonl
doc_0175,batch_004,Inland Fisheries Act Cap I10 Lfn 2004,2004,5,ready_for_embedding,2004/inland-fisheries-act-cap-i10-lfn-2004.pdf,original_pdfs/doc_0175.pdf,laws_pdf/batch_004/doc_0175.pdf,laws_text/batch_004/doc_0175.txt,chunks_jsonl/doc_0175.jsonl
doc_0176,batch_004,Institute Of Chartered Accountants Act Cap I11 Lfn 2004,2004,15,ready_for_embedding,2004/institute-of-chartered-accountants-act-cap-i11-lfn-2004.pdf,original_pdfs/doc_0176.pdf,laws_pdf/batch_004/doc_0176.pdf,laws_text/batch_004/doc_0176.txt,chunks_jsonl/doc_0176.jsonl
doc_0177,batch_004,Institute Of Chartered Chemists Of Nigeria Act Cap I12 Lfn 2004,2004,13,ready_for_embedding,2004/institute-of-chartered-chemists-of-nigeria-act-cap-i12-lfn-2004.pdf,original_pdfs/doc_0177.pdf,laws_pdf/batch_004/doc_0177.pdf,laws_text/batch_004/doc_0177.txt,chunks_jsonl/doc_0177.jsonl
doc_0178,batch_004,Institute Of Chartered Secretaries And Administrators Of Nigeria Act Cap I13 Lfn 2004,2004,15,ready_for_embedding,2004/institute-of-chartered-secretaries-and-administrators-of-nigeria-act-cap-i13-lfn-2004.pdf,original_pdfs/doc_0178.pdf,laws_pdf/batch_004/doc_0178.pdf,laws_text/batch_004/doc_0178.txt,chunks_jsonl/doc_0178.jsonl
doc_0179,batch_004,Institute Of Medical Laboratory Science And Technology Act Cap I14 Lfn 2004 Repealed By Medical Laboratory Science Council Of Nigeria Act,2004,15,ready_for_embedding,2004/institute-of-medical-laboratory-science-and-technology-act-cap-i14-lfn-2004-repealed-by-medical-laboratory-science-council-of-nigeria-act.pdf,original_pdfs/doc_0179.pdf,laws_pdf/batch_004/doc_0179.pdf,laws_text/batch_004/doc_0179.txt,chunks_jsonl/doc_0179.jsonl
doc_0180,batch_004,Institute Of Public Analysts Of Nigeria Act Cap I16 Lfn 2004,2004,14,ready_for_embedding,2004/institute-of-public-analysts-of-nigeria-act-cap-i16-lfn-2004.pdf,original_pdfs/doc_0180.pdf,laws_pdf/batch_004/doc_0180.pdf,laws_text/batch_004/doc_0180.txt,chunks_jsonl/doc_0180.jsonl
doc_0181,batch_004,Internal Loans Act Cap I18 Lfn 2004,2004,1,ready_for_embedding,2004/internal-loans-act-cap-i18-lfn-2004.pdf,original_pdfs/doc_0181.pdf,laws_pdf/batch_004/doc_0181.pdf,laws_text/batch_004/doc_0181.txt,chunks_jsonl/doc_0181.jsonl
doc_0182,batch_004,Internal Loans Rehabilitation Reconstruction And Development Act Cap I19 Lfn 2004,2004,1,ready_for_embedding,2004/internal-loans-rehabilitation-reconstruction-and-development-act-cap-i19-lfn-2004.pdf,original_pdfs/doc_0182.pdf,laws_pdf/batch_004/doc_0182.pdf,laws_text/batch_004/doc_0182.txt,chunks_jsonl/doc_0182.jsonl
doc_0183,batch_004,International Centre For Settlement Of Investments Disputes Enforcement Of Awards Act Cap I20 Lfn 2004,2004,1,ready_for_embedding,2004/international-centre-for-settlement-of-investments-disputes-enforcement-of-awards-act-cap-i20-lfn-2004.pdf,original_pdfs/doc_0183.pdf,laws_pdf/batch_004/doc_0183.pdf,laws_text/batch_004/doc_0183.txt,chunks_jsonl/doc_0183.jsonl
doc_0184,batch_004,International Financial Organisations Act Cap I21 Lfn 2004,2004,3,ready_for_embedding,2004/international-financial-organisations-act-cap-i21-lfn-2004.pdf,original_pdfs/doc_0184.pdf,laws_pdf/batch_004/doc_0184.pdf,laws_text/batch_004/doc_0184.txt,chunks_jsonl/doc_0184.jsonl
doc_0185,batch_004,International Institute Of Tropical Agriculture Act Cap I22 Lfn 2004,2004,8,ready_for_embedding,2004/international-institute-of-tropical-agriculture-act-cap-i22-lfn-2004.pdf,original_pdfs/doc_0185.pdf,laws_pdf/batch_004/doc_0185.pdf,laws_text/batch_004/doc_0185.txt,chunks_jsonl/doc_0185.jsonl
doc_0186,batch_004,Interpretation Act Cap I23 Lfn 2004,2004,11,ready_for_embedding,2004/interpretation-act-cap-i23-lfn-2004.pdf,original_pdfs/doc_0186.pdf,laws_pdf/batch_004/doc_0186.pdf,laws_text/batch_004/doc_0186.txt,chunks_jsonl/doc_0186.jsonl
doc_0187,batch_004,Irrua Specialist Teaching Hospital Act Cap I25 Lfn 2004,2004,1,ready_for_embedding,2004/irrua-specialist-teaching-hospital-act-cap-i25-lfn-2004.pdf,original_pdfs/doc_0187.pdf,laws_pdf/batch_004/doc_0187.pdf,laws_text/batch_004/doc_0187.txt,chunks_jsonl/doc_0187.jsonl
doc_0188,batch_004,Joint Admissions And Matriculation Board Act Cap J1 Lfn 2004,2004,6,ready_for_embedding,2004/joint-admissions-and-matriculation-board-act-cap-j1-lfn-2004.pdf,original_pdfs/doc_0188.pdf,laws_pdf/batch_004/doc_0188.pdf,laws_text/batch_004/doc_0188.txt,chunks_jsonl/doc_0188.jsonl
doc_0189,batch_004,Labour Act Cap L1 Lfn 2004,2004,39,ready_for_embedding,2004/labour-act-cap-l1-lfn-2004.pdf,original_pdfs/doc_0189.pdf,laws_pdf/batch_004/doc_0189.pdf,laws_text/batch_004/doc_0189.txt,chunks_jsonl/doc_0189.jsonl
doc_0190,batch_004,Lagos International Trade Fair Complex Management Board Act Cap L2 Lfn 2004,2004,9,ready_for_embedding,2004/lagos-international-trade-fair-complex-management-board-act-cap-l2-lfn-2004.pdf,original_pdfs/doc_0190.pdf,laws_pdf/batch_004/doc_0190.pdf,laws_text/batch_004/doc_0190.txt,chunks_jsonl/doc_0190.jsonl
doc_0191,batch_004,Lagos Port Operations Special Provisions Act Cap L3 Lfn 2004,2004,3,ready_for_embedding,2004/lagos-port-operations-special-provisions-act-cap-l3-lfn-2004.pdf,original_pdfs/doc_0191.pdf,laws_pdf/batch_004/doc_0191.pdf,laws_text/batch_004/doc_0191.txt,chunks_jsonl/doc_0191.jsonl
doc_0192,batch_004,Lagos University Teaching Hospital Act Cap L4 Lfn 2004,2004,1,ready_for_embedding,2004/lagos-university-teaching-hospital-act-cap-l4-lfn-2004.pdf,original_pdfs/doc_0192.pdf,laws_pdf/batch_004/doc_0192.pdf,laws_text/batch_004/doc_0192.txt,chunks_jsonl/doc_0192.jsonl
doc_0193,batch_004,Land Use Act Cap L4 Lfn 2004,2004,17,ready_for_embedding,2004/land-use-act-cap-l4-lfn-2004.pdf,original_pdfs/doc_0193.pdf,laws_pdf/batch_004/doc_0193.pdf,laws_text/batch_004/doc_0193.txt,chunks_jsonl/doc_0193.jsonl
doc_0194,batch_004,Land Use Act Validation Of Certain Laws Etc Act Cap L6 Lfn 2004,2004,1,ready_for_embedding,2004/land-use-act-validation-of-certain-laws-etc-act-cap-l6-lfn-2004.pdf,original_pdfs/doc_0194.pdf,laws_pdf/batch_004/doc_0194.pdf,laws_text/batch_004/doc_0194.txt,chunks_jsonl/doc_0194.jsonl
doc_0195,batch_004,Lands Title Vesting Etc Act Cap L7 Lfn 2004,2004,2,ready_for_embedding,2004/lands-title-vesting-etc-act-cap-l7-lfn-2004.pdf,original_pdfs/doc_0195.pdf,laws_pdf/batch_004/doc_0195.pdf,laws_text/batch_004/doc_0195.txt,chunks_jsonl/doc_0195.jsonl
doc_0196,batch_004,Law Officers Act Cap L8 Lfn 2004,2004,1,ready_for_embedding,2004/law-officers-act-cap-l8-lfn-2004.pdf,original_pdfs/doc_0196.pdf,laws_pdf/batch_004/doc_0196.pdf,laws_text/batch_004/doc_0196.txt,chunks_jsonl/doc_0196.jsonl
doc_0197,batch_004,Legal Aid Act Cap L9 Lfn 2004,2004,10,ready_for_embedding,2004/legal-aid-act-cap-l9-lfn-2004.pdf,original_pdfs/doc_0197.pdf,laws_pdf/batch_004/doc_0197.pdf,laws_text/batch_004/doc_0197.txt,chunks_jsonl/doc_0197.jsonl
doc_0198,batch_004,Legal Education Consolidation Etc Act Cap L10 Lfn 2004,2004,3,ready_for_embedding,2004/legal-education-consolidation-etc-act-cap-l10-lfn-2004.pdf,original_pdfs/doc_0198.pdf,laws_pdf/batch_004/doc_0198.pdf,laws_text/batch_004/doc_0198.txt,chunks_jsonl/doc_0198.jsonl
doc_0199,batch_004,Legal Practitioners Act Cap L11 Lfn 2004,2004,16,ready_for_embedding,2004/legal-practitioners-act-cap-l11-lfn-2004.pdf,original_pdfs/doc_0199.pdf,laws_pdf/batch_004/doc_0199.pdf,laws_text/batch_004/doc_0199.txt,chunks_jsonl/doc_0199.jsonl
doc_0200,batch_004,Legislative Houses Powers And Privileges Act Cap L12 Lfn 2004,2004,8,ready_for_embedding,2004/legislative-houses-powers-and-privileges-act-cap-l12-lfn-2004.pdf,original_pdfs/doc_0200.pdf,laws_pdf/batch_004/doc_0200.pdf,laws_text/batch_004/doc_0200.txt,chunks_jsonl/doc_0200.jsonl
doc_0201,batch_005,Librarians Registration Etc Council Of Nigeria Act Cap L13 Lfn 2004,2004,12,ready_for_embedding,2004/librarians-registration-etc-council-of-nigeria-act-cap-l13-lfn-2004.pdf,original_pdfs/doc_0201.pdf,laws_pdf/batch_005/doc_0201.pdf,laws_text/batch_005/doc_0201.txt,chunks_jsonl/doc_0201.jsonl
doc_0202,batch_005,Live Fish Control Of Importation Act Cap L14 Lfn 2004,2004,2,ready_for_embedding,2004/live-fish-control-of-importation-act-cap-l14-lfn-2004.pdf,original_pdfs/doc_0202.pdf,laws_pdf/batch_005/doc_0202.pdf,laws_text/batch_005/doc_0202.txt,chunks_jsonl/doc_0202.jsonl
doc_0203,batch_005,Loan State Development Act Cap L16 Lfn 2004,2004,2,ready_for_embedding,2004/loan-state-development-act-cap-l16-lfn-2004.pdf,original_pdfs/doc_0203.pdf,laws_pdf/batch_005/doc_0203.pdf,laws_text/batch_005/doc_0203.txt,chunks_jsonl/doc_0203.jsonl
doc_0204,batch_005,Loans Act Cap L15 Lfn 2004,2004,2,ready_for_embedding,2004/loans-act-cap-l15-lfn-2004.pdf,original_pdfs/doc_0204.pdf,laws_pdf/batch_005/doc_0204.pdf,laws_text/batch_005/doc_0204.txt,chunks_jsonl/doc_0204.jsonl
doc_0205,batch_005,Local Loans Registered Stock And Securities Act Cap L17 Lfn 2004,2004,15,ready_for_embedding,2004/local-loans-registered-stock-and-securities-act-cap-l17-lfn-2004.pdf,original_pdfs/doc_0205.pdf,laws_pdf/batch_005/doc_0205.pdf,laws_text/batch_005/doc_0205.txt,chunks_jsonl/doc_0205.jsonl
doc_0206,batch_005,Maintenance Orders Act Cap M1 Lfn 2004,2004,4,ready_for_embedding,2004/maintenance-orders-act-cap-m1-lfn-2004.pdf,original_pdfs/doc_0206.pdf,laws_pdf/batch_005/doc_0206.pdf,laws_text/batch_005/doc_0206.txt,chunks_jsonl/doc_0206.jsonl
doc_0207,batch_005,Marine Insurance Act Cap M2 Lfn 2004,2004,22,ready_for_embedding,2004/marine-insurance-act-cap-m2-lfn-2004.pdf,original_pdfs/doc_0207.pdf,laws_pdf/batch_005/doc_0207.pdf,laws_text/batch_005/doc_0207.txt,chunks_jsonl/doc_0207.jsonl
doc_0208,batch_005,Maritime Academy Of Nigeria Act Cap M3 Lfn 2004,2004,8,ready_for_embedding,2004/maritime-academy-of-nigeria-act-cap-m3-lfn-2004.pdf,original_pdfs/doc_0208.pdf,laws_pdf/batch_005/doc_0208.pdf,laws_text/batch_005/doc_0208.txt,chunks_jsonl/doc_0208.jsonl
doc_0209,batch_005,Maritime Operations Co Ordinating Board Act Cap M4 Lfn 2004,2004,3,ready_for_embedding,2004/maritime-operations-co-ordinating-board-act-cap-m4-lfn-2004.pdf,original_pdfs/doc_0209.pdf,laws_pdf/batch_005/doc_0209.pdf,laws_text/batch_005/doc_0209.txt,chunks_jsonl/doc_0209.jsonl
doc_0210,batch_005,Marketing Breast Milk Substitutes Act Cap M5 Lfn 2004,2004,4,ready_for_embedding,2004/marketing-breast-milk-substitutes-act-cap-m5-lfn-2004.pdf,original_pdfs/doc_0210.pdf,laws_pdf/batch_005/doc_0210.pdf,laws_text/batch_005/doc_0210.txt,chunks_jsonl/doc_0210.jsonl
doc_0211,batch_005,Marriage Act Cap M6 Lfn 2004,2004,10,ready_for_embedding,2004/marriage-act-cap-m6-lfn-2004.pdf,original_pdfs/doc_0211.pdf,laws_pdf/batch_005/doc_0211.pdf,laws_text/batch_005/doc_0211.txt,chunks_jsonl/doc_0211.jsonl
doc_0212,batch_005,Matrimonial Causes Act Cap M7 Lfn 2004,2004,36,ready_for_embedding,2004/matrimonial-causes-act-cap-m7-lfn-2004.pdf,original_pdfs/doc_0212.pdf,laws_pdf/batch_005/doc_0212.pdf,laws_text/batch_005/doc_0212.txt,chunks_jsonl/doc_0212.jsonl
doc_0213,batch_005,Medical And Dental Practitioners Act Cap M8 Lfn 2004,2004,20,ready_for_embedding,2004/medical-and-dental-practitioners-act-cap-m8-lfn-2004.pdf,original_pdfs/doc_0213.pdf,laws_pdf/batch_005/doc_0213.pdf,laws_text/batch_005/doc_0213.txt,chunks_jsonl/doc_0213.jsonl
doc_0214,batch_005,Medical Laboratory Science Council Of Nigeria Act Repeals Institute Of Medical Laboratory Science And Technology Act Cap I14 Lfn 2004,2004,14,ready_for_embedding,2004/medical-laboratory-science-council-of-nigeria-act-repeals-institute-of-medical-laboratory-science-and-technology-act-cap-i14-lfn-2004.pdf,original_pdfs/doc_0214.pdf,laws_pdf/batch_005/doc_0214.pdf,laws_text/batch_005/doc_0214.txt,chunks_jsonl/doc_0214.jsonl
doc_0215,batch_005,Medical Rehabilitation Therapists Registration Etc Act Cap M9 Lfn 2004,2004,13,ready_for_embedding,2004/medical-rehabilitation-therapists-registration-etc-act-cap-m9-lfn-2004.pdf,original_pdfs/doc_0215.pdf,laws_pdf/batch_005/doc_0215.pdf,laws_text/batch_005/doc_0215.txt,chunks_jsonl/doc_0215.jsonl
doc_0216,batch_005,Merchandise Marks Act Cap M10 Lfn 2004,2004,12,ready_for_embedding,2004/merchandise-marks-act-cap-m10-lfn-2004.pdf,original_pdfs/doc_0216.pdf,laws_pdf/batch_005/doc_0216.pdf,laws_text/batch_005/doc_0216.txt,chunks_jsonl/doc_0216.jsonl
doc_0217,batch_005,Merchant Shipping Act Cap M11 Lfn 2004,2004,11,ready_for_embedding,2004/merchant-shipping-act-cap-m11-lfn-2004.pdf,original_pdfs/doc_0217.pdf,laws_pdf/batch_005/doc_0217.pdf,laws_text/batch_005/doc_0217.txt,chunks_jsonl/doc_0217.jsonl
doc_0218,batch_005,Mines And Quarries Control Of Buildings Etc Act Cap M13 Lfn 2004,2004,1,ready_for_embedding,2004/mines-and-quarries-control-of-buildings-etc-act-cap-m13-lfn-2004.pdf,original_pdfs/doc_0218.pdf,laws_pdf/batch_005/doc_0218.pdf,laws_text/batch_005/doc_0218.txt,chunks_jsonl/doc_0218.jsonl
doc_0219,batch_005,Ministers Statutory Powers And Duties Miscellaneous Provisions Act Cap M14 Lfn 2004,2004,2,ready_for_embedding,2004/ministers-statutory-powers-and-duties-miscellaneous-provisions-act-cap-m14-lfn-2004.pdf,original_pdfs/doc_0219.pdf,laws_pdf/batch_005/doc_0219.pdf,laws_text/batch_005/doc_0219.txt,chunks_jsonl/doc_0219.jsonl
doc_0220,batch_005,Ministry Of Finance Incorporated Act Cap M15 Lfn 2004,2004,3,ready_for_embedding,2004/ministry-of-finance-incorporated-act-cap-m15-lfn-2004.pdf,original_pdfs/doc_0220.pdf,laws_pdf/batch_005/doc_0220.pdf,laws_text/batch_005/doc_0220.txt,chunks_jsonl/doc_0220.jsonl
doc_0221,batch_005,Minor Offences Miscellaneous Provisions Act Cap M16 Lfn 2004,2004,1,ready_for_embedding,2004/minor-offences-miscellaneous-provisions-act-cap-m16-lfn-2004.pdf,original_pdfs/doc_0221.pdf,laws_pdf/batch_005/doc_0221.pdf,laws_text/batch_005/doc_0221.txt,chunks_jsonl/doc_0221.jsonl
doc_0222,batch_005,Miscellaneous Offences Act Formerly Special Tribunal Miscellaneous Offences Act Cap M17 Lfn 2004,2004,6,ready_for_embedding,2004/miscellaneous-offences-act-formerly-special-tribunal-miscellaneous-offences-act-cap-m17-lfn-2004.pdf,original_pdfs/doc_0222.pdf,laws_pdf/batch_005/doc_0222.pdf,laws_text/batch_005/doc_0222.txt,chunks_jsonl/doc_0222.jsonl
doc_0223,batch_005,Mortgage Institutions Act Cap M19 Lfn 2004,2004,8,ready_for_embedding,2004/mortgage-institutions-act-cap-m19-lfn-2004.pdf,original_pdfs/doc_0223.pdf,laws_pdf/batch_005/doc_0223.pdf,laws_text/batch_005/doc_0223.txt,chunks_jsonl/doc_0223.jsonl
doc_0224,batch_005,Motor Spirit Returns Act Cap M20 Lfn 2004,2004,5,ready_for_embedding,2004/motor-spirit-returns-act-cap-m20-lfn-2004.pdf,original_pdfs/doc_0224.pdf,laws_pdf/batch_005/doc_0224.pdf,laws_text/batch_005/doc_0224.txt,chunks_jsonl/doc_0224.jsonl
doc_0225,batch_005,Motor Vehicles Prohibition Of Tinted Glass Act Cap M21 Lfn 2004,2004,2,ready_for_embedding,2004/motor-vehicles-prohibition-of-tinted-glass-act-cap-m21-lfn-2004.pdf,original_pdfs/doc_0225.pdf,laws_pdf/batch_005/doc_0225.pdf,laws_text/batch_005/doc_0225.txt,chunks_jsonl/doc_0225.jsonl
doc_0226,batch_005,Motor Vehicles Third Party Insurance Act Cap M22 Lfn 2004,2004,1,ready_for_embedding,2004/motor-vehicles-third-party-insurance-act-cap-m22-lfn-2004.pdf,original_pdfs/doc_0226.pdf,laws_pdf/batch_005/doc_0226.pdf,laws_text/batch_005/doc_0226.txt,chunks_jsonl/doc_0226.jsonl
doc_0227,batch_005,Motor Vehicles Third Party Liability Insurance Ecowas Brown Card Scheme Act Cap M23 Lfn 2004,2004,2,ready_for_embedding,2004/motor-vehicles-third-party-liability-insurance-ecowas-brown-card-scheme-act-cap-m23-lfn-2004.pdf,original_pdfs/doc_0227.pdf,laws_pdf/batch_005/doc_0227.pdf,laws_text/batch_005/doc_0227.txt,chunks_jsonl/doc_0227.jsonl
doc_0228,batch_005,Mutual Assistance In Criminal Matters Within The Commonwealth Enactment And Enforcement Act Cap M24 Lfn 2004,2004,10,ready_for_embedding,2004/mutual-assistance-in-criminal-matters-within-the-commonwealth-enactment-and-enforcement-act-cap-m24-lfn-2004.pdf,original_pdfs/doc_0228.pdf,laws_pdf/batch_005/doc_0228.pdf,laws_text/batch_005/doc_0228.txt,chunks_jsonl/doc_0228.jsonl
doc_0229,batch_005,National Agency For Food And Drug Administration And Control Act Cap N1 Lfn 2004,2004,1,ready_for_embedding,2004/national-agency-for-food-and-drug-administration-and-control-act-cap-n1-lfn-2004.pdf,original_pdfs/doc_0229.pdf,laws_pdf/batch_005/doc_0229.pdf,laws_text/batch_005/doc_0229.txt,chunks_jsonl/doc_0229.jsonl
doc_0230,batch_005,National Agency For Population Programmes And Development Act Cap N2 Lfn 2004,2004,11,ready_for_embedding,2004/national-agency-for-population-programmes-and-development-act-cap-n2-lfn-2004.pdf,original_pdfs/doc_0230.pdf,laws_pdf/batch_005/doc_0230.pdf,laws_text/batch_005/doc_0230.txt,chunks_jsonl/doc_0230.jsonl
doc_0231,batch_005,National Agency For Science And Engineering Infrastructure Act Cap N3 Lfn 2004,2004,20,ready_for_embedding,2004/national-agency-for-science-and-engineering-infrastructure-act-cap-n3-lfn-2004.pdf,original_pdfs/doc_0231.pdf,laws_pdf/batch_005/doc_0231.pdf,laws_text/batch_005/doc_0231.txt,chunks_jsonl/doc_0231.jsonl
doc_0232,batch_005,National Agricultural Land Development Authority Act Cap N4 Lfn 2004,2004,8,ready_for_embedding,2004/national-agricultural-land-development-authority-act-cap-n4-lfn-2004.pdf,original_pdfs/doc_0232.pdf,laws_pdf/batch_005/doc_0232.pdf,laws_text/batch_005/doc_0232.txt,chunks_jsonl/doc_0232.jsonl
doc_0233,batch_005,National Agricultural Seeds Act Cap N5 Lfn 2004,2004,12,ready_for_embedding,2004/national-agricultural-seeds-act-cap-n5-lfn-2004.pdf,original_pdfs/doc_0233.pdf,laws_pdf/batch_005/doc_0233.pdf,laws_text/batch_005/doc_0233.txt,chunks_jsonl/doc_0233.jsonl
doc_0234,batch_005,National Archives Act Cap N6 Lfn 2004,2004,13,ready_for_embedding,2004/national-archives-act-cap-n6-lfn-2004.pdf,original_pdfs/doc_0234.pdf,laws_pdf/batch_005/doc_0234.pdf,laws_text/batch_005/doc_0234.txt,chunks_jsonl/doc_0234.jsonl
doc_0235,batch_005,National Assembly Services Commission Act Cap N7 Lfn 2004,2004,8,ready_for_embedding,2004/national-assembly-services-commission-act-cap-n7-lfn-2004.pdf,original_pdfs/doc_0235.pdf,laws_pdf/batch_005/doc_0235.pdf,laws_text/batch_005/doc_0235.txt,chunks_jsonl/doc_0235.jsonl
doc_0236,batch_005,National Board For Technical Education Act Cap N9 Lfn 2004,2004,7,ready_for_embedding,2004/national-board-for-technical-education-act-cap-n9-lfn-2004.pdf,original_pdfs/doc_0236.pdf,laws_pdf/batch_005/doc_0236.pdf,laws_text/batch_005/doc_0236.txt,chunks_jsonl/doc_0236.jsonl
doc_0237,batch_005,National Broadcasting Commission Act Cap N11 Lfn 20041,2004,9,ready_for_embedding,2004/national-broadcasting-commission-act-cap-n11-lfn-20041.pdf,original_pdfs/doc_0237.pdf,laws_pdf/batch_005/doc_0237.pdf,laws_text/batch_005/doc_0237.txt,chunks_jsonl/doc_0237.jsonl
doc_0238,batch_005,National Business And Technical Examinations Board Act Cap N12 Lfn 2004,2004,9,ready_for_embedding,2004/national-business-and-technical-examinations-board-act-cap-n12-lfn-2004.pdf,original_pdfs/doc_0238.pdf,laws_pdf/batch_005/doc_0238.pdf,laws_text/batch_005/doc_0238.txt,chunks_jsonl/doc_0238.jsonl
doc_0239,batch_005,National Centre For Agricultural Mechanisation Act Cap N13 Lfn 2004,2004,7,ready_for_embedding,2004/national-centre-for-agricultural-mechanisation-act-cap-n13-lfn-2004.pdf,original_pdfs/doc_0239.pdf,laws_pdf/batch_005/doc_0239.pdf,laws_text/batch_005/doc_0239.txt,chunks_jsonl/doc_0239.jsonl
doc_0240,batch_005,National Centre For Economic Management And Administration Act Cap N14 Lfn 2004,2004,6,ready_for_embedding,2004/national-centre-for-economic-management-and-administration-act-cap-n14-lfn-2004.pdf,original_pdfs/doc_0240.pdf,laws_pdf/batch_005/doc_0240.pdf,laws_text/batch_005/doc_0240.txt,chunks_jsonl/doc_0240.jsonl
doc_0241,batch_005,National Centre For Women Development Act Cap N15 Lfn 2004,2004,8,ready_for_embedding,2004/national-centre-for-women-development-act-cap-n15-lfn-2004.pdf,original_pdfs/doc_0241.pdf,laws_pdf/batch_005/doc_0241.pdf,laws_text/batch_005/doc_0241.txt,chunks_jsonl/doc_0241.jsonl
doc_0242,batch_005,National Civic Registration Act Cap N16 Lfn 2004,2004,12,ready_for_embedding,2004/national-civic-registration-act-cap-n16-lfn-2004.pdf,original_pdfs/doc_0242.pdf,laws_pdf/batch_005/doc_0242.pdf,laws_text/batch_005/doc_0242.txt,chunks_jsonl/doc_0242.jsonl
doc_0243,batch_005,National Commission For Colleges Of Education Act Cap N17 Lfn 2004,2004,7,ready_for_embedding,2004/national-commission-for-colleges-of-education-act-cap-n17-lfn-2004.pdf,original_pdfs/doc_0243.pdf,laws_pdf/batch_005/doc_0243.pdf,laws_text/batch_005/doc_0243.txt,chunks_jsonl/doc_0243.jsonl
doc_0244,batch_005,National Commission For Museums And Monuments Act Cap N19 Lfn 2004,2004,21,ready_for_embedding,2004/national-commission-for-museums-and-monuments-act-cap-n19-lfn-2004.pdf,original_pdfs/doc_0244.pdf,laws_pdf/batch_005/doc_0244.pdf,laws_text/batch_005/doc_0244.txt,chunks_jsonl/doc_0244.jsonl
doc_0245,batch_005,National Commission For Nomadic Education Act Cap N20 Lfn 2004,2004,7,ready_for_embedding,2004/national-commission-for-nomadic-education-act-cap-n20-lfn-2004.pdf,original_pdfs/doc_0245.pdf,laws_pdf/batch_005/doc_0245.pdf,laws_text/batch_005/doc_0245.txt,chunks_jsonl/doc_0245.jsonl
doc_0246,batch_005,National Commission For Refugees Etc Act Cap N21 Lfn 2004,2004,27,ready_for_embedding,2004/national-commission-for-refugees-etc-act-cap-n21-lfn-2004.pdf,original_pdfs/doc_0246.pdf,laws_pdf/batch_005/doc_0246.pdf,laws_text/batch_005/doc_0246.txt,chunks_jsonl/doc_0246.jsonl
doc_0247,batch_005,National Commission For Rehabilitation Act Cap N22 Lfn 2004,2004,3,ready_for_embedding,2004/national-commission-for-rehabilitation-act-cap-n22-lfn-2004.pdf,original_pdfs/doc_0247.pdf,laws_pdf/batch_005/doc_0247.pdf,laws_text/batch_005/doc_0247.txt,chunks_jsonl/doc_0247.jsonl
doc_0248,batch_005,National Commission For Women Act Cap N23 Lfn 2004,2004,10,ready_for_embedding,2004/national-commission-for-women-act-cap-n23-lfn-2004.pdf,original_pdfs/doc_0248.pdf,laws_pdf/batch_005/doc_0248.pdf,laws_text/batch_005/doc_0248.txt,chunks_jsonl/doc_0248.jsonl
doc_0249,batch_005,National Council Of Nigerian Vision Establishment Etc Act Cap N26 Lfn 2004,2004,8,ready_for_embedding,2004/national-council-of-nigerian-vision-establishment-etc-act-cap-n26-lfn-2004.pdf,original_pdfs/doc_0249.pdf,laws_pdf/batch_005/doc_0249.pdf,laws_text/batch_005/doc_0249.txt,chunks_jsonl/doc_0249.jsonl
doc_0250,batch_005,National Crop Varieties And Livestock Breeds Registration Etc Act Cap N27 Lfn 2004,2004,4,ready_for_embedding,2004/national-crop-varieties-and-livestock-breeds-registration-etc-act-cap-n27-lfn-2004.pdf,original_pdfs/doc_0250.pdf,laws_pdf/batch_005/doc_0250.pdf,laws_text/batch_005/doc_0250.txt,chunks_jsonl/doc_0250.jsonl
doc_0251,batch_006,National Directorate Of Employment Act Cap N28 Lfn 2004,2004,8,ready_for_embedding,2004/national-directorate-of-employment-act-cap-n28-lfn-2004.pdf,original_pdfs/doc_0251.pdf,laws_pdf/batch_006/doc_0251.pdf,laws_text/batch_006/doc_0251.txt,chunks_jsonl/doc_0251.jsonl
doc_0252,batch_006,National Drug Formulary And Essential Drugs List Act Cap N29 Lfn 2004,2004,3,ready_for_embedding,2004/national-drug-formulary-and-essential-drugs-list-act-cap-n29-lfn-2004.pdf,original_pdfs/doc_0252.pdf,laws_pdf/batch_006/doc_0252.pdf,laws_text/batch_006/doc_0252.txt,chunks_jsonl/doc_0252.jsonl
doc_0253,batch_006,National Drug Law Enforcement Agency Act Cap N30 Lfn 2004,2004,18,ready_for_embedding,2004/national-drug-law-enforcement-agency-act-cap-n30-lfn-2004.pdf,original_pdfs/doc_0253.pdf,laws_pdf/batch_006/doc_0253.pdf,laws_text/batch_006/doc_0253.txt,chunks_jsonl/doc_0253.jsonl
doc_0254,batch_006,National Economic Intelligence Committee Establishment Etc Act Cap N31 Lfn 2004,2004,5,ready_for_embedding,2004/national-economic-intelligence-committee-establishment-etc-act-cap-n31-lfn-2004.pdf,original_pdfs/doc_0254.pdf,laws_pdf/batch_006/doc_0254.pdf,laws_text/batch_006/doc_0254.txt,chunks_jsonl/doc_0254.jsonl
doc_0255,batch_006,National Economic Reconstruction Fund Act Cap N32 Lfn 2004,2004,4,ready_for_embedding,2004/national-economic-reconstruction-fund-act-cap-n32-lfn-2004.pdf,original_pdfs/doc_0255.pdf,laws_pdf/batch_006/doc_0255.pdf,laws_text/batch_006/doc_0255.txt,chunks_jsonl/doc_0255.jsonl
doc_0256,batch_006,National Emergency Management Agency Establishment Etc Act Cap N34 Lfn 2004,2004,10,ready_for_embedding,2004/national-emergency-management-agency-establishment-etc-act-cap-n34-lfn-2004.pdf,original_pdfs/doc_0256.pdf,laws_pdf/batch_006/doc_0256.pdf,laws_text/batch_006/doc_0256.txt,chunks_jsonl/doc_0256.jsonl
doc_0257,batch_006,National Endowment For The Arts Act Cap N35 Lfn 2004,2004,5,ready_for_embedding,2004/national-endowment-for-the-arts-act-cap-n35-lfn-2004.pdf,original_pdfs/doc_0257.pdf,laws_pdf/batch_006/doc_0257.pdf,laws_text/batch_006/doc_0257.txt,chunks_jsonl/doc_0257.jsonl
doc_0258,batch_006,National Examination Council Neco Establishment Act Cap N37 Lfn 2004,2004,9,ready_for_embedding,2004/national-examination-council-neco-establishment-act-cap-n37-lfn-2004.pdf,original_pdfs/doc_0258.pdf,laws_pdf/batch_006/doc_0258.pdf,laws_text/batch_006/doc_0258.txt,chunks_jsonl/doc_0258.jsonl
doc_0259,batch_006,National Eye Centre Act Cap N38 Lfn 2004,2004,10,ready_for_embedding,2004/national-eye-centre-act-cap-n38-lfn-2004.pdf,original_pdfs/doc_0259.pdf,laws_pdf/batch_006/doc_0259.pdf,laws_text/batch_006/doc_0259.txt,chunks_jsonl/doc_0259.jsonl
doc_0260,batch_006,National Fertilizer Board Act Cap N38 Lfn 2004,2004,3,ready_for_embedding,2004/national-fertilizer-board-act-cap-n38-lfn-2004.pdf,original_pdfs/doc_0260.pdf,laws_pdf/batch_006/doc_0260.pdf,laws_text/batch_006/doc_0260.txt,chunks_jsonl/doc_0260.jsonl
doc_0261,batch_006,National Film And Video Censors Boards Act Cap N40 Lfn 2004,2004,1,ready_for_embedding,2004/national-film-and-video-censors-boards-act-cap-n40-lfn-2004.pdf,original_pdfs/doc_0261.pdf,laws_pdf/batch_006/doc_0261.pdf,laws_text/batch_006/doc_0261.txt,chunks_jsonl/doc_0261.jsonl
doc_0262,batch_006,National Gallery Of Art Act Cap N41 Lfn 2004,2004,6,ready_for_embedding,2004/national-gallery-of-art-act-cap-n41-lfn-2004.pdf,original_pdfs/doc_0262.pdf,laws_pdf/batch_006/doc_0262.pdf,laws_text/batch_006/doc_0262.txt,chunks_jsonl/doc_0262.jsonl
doc_0263,batch_006,National Health Insurance Scheme Act Cap N42 Lfn 2004,2004,17,ready_for_embedding,2004/national-health-insurance-scheme-act-cap-n42-lfn-2004.pdf,original_pdfs/doc_0263.pdf,laws_pdf/batch_006/doc_0263.pdf,laws_text/batch_006/doc_0263.txt,chunks_jsonl/doc_0263.jsonl
doc_0264,batch_006,National Honours Act Cap N43 Lfn 2004,2004,2,ready_for_embedding,2004/national-honours-act-cap-n43-lfn-2004.pdf,original_pdfs/doc_0264.pdf,laws_pdf/batch_006/doc_0264.pdf,laws_text/batch_006/doc_0264.txt,chunks_jsonl/doc_0264.jsonl
doc_0265,batch_006,National Hospital For Women And Children Abuja Establishment Etc Act Cap N44 Lfn 2004,2004,10,ready_for_embedding,2004/national-hospital-for-women-and-children-abuja-establishment-etc-act-cap-n44-lfn-2004.pdf,original_pdfs/doc_0265.pdf,laws_pdf/batch_006/doc_0265.pdf,laws_text/batch_006/doc_0265.txt,chunks_jsonl/doc_0265.jsonl
doc_0266,batch_006,National Housing Fund Act Cap N45 Lfn 2004,2004,6,ready_for_embedding,2004/national-housing-fund-act-cap-n45-lfn-2004.pdf,original_pdfs/doc_0266.pdf,laws_pdf/batch_006/doc_0266.pdf,laws_text/batch_006/doc_0266.txt,chunks_jsonl/doc_0266.jsonl
doc_0267,batch_006,National Human Rights Commission Act Cap N46 Lfn 2004,2004,7,ready_for_embedding,2004/national-human-rights-commission-act-cap-n46-lfn-2004.pdf,original_pdfs/doc_0267.pdf,laws_pdf/batch_006/doc_0267.pdf,laws_text/batch_006/doc_0267.txt,chunks_jsonl/doc_0267.jsonl
doc_0268,batch_006,National Inland Waterways Authority Act Cap N47 Lfn 2004,2004,13,ready_for_embedding,2004/national-inland-waterways-authority-act-cap-n47-lfn-2004.pdf,original_pdfs/doc_0268.pdf,laws_pdf/batch_006/doc_0268.pdf,laws_text/batch_006/doc_0268.txt,chunks_jsonl/doc_0268.jsonl
doc_0269,batch_006,National Institute For Cultural Orientation Act Cap N48 Lfn 2004,2004,7,ready_for_embedding,2004/national-institute-for-cultural-orientation-act-cap-n48-lfn-2004.pdf,original_pdfs/doc_0269.pdf,laws_pdf/batch_006/doc_0269.pdf,laws_text/batch_006/doc_0269.txt,chunks_jsonl/doc_0269.jsonl
doc_0270,batch_006,National Institute For Labour Studies Act Act Cap N49 Lfn 2004,2004,6,ready_for_embedding,2004/national-institute-for-labour-studies-act-act-cap-n49-lfn-2004.pdf,original_pdfs/doc_0270.pdf,laws_pdf/batch_006/doc_0270.pdf,laws_text/batch_006/doc_0270.txt,chunks_jsonl/doc_0270.jsonl
doc_0271,batch_006,National Institute For Nigerian Languages Act Cap N50 Lfn 2004,2004,13,ready_for_embedding,2004/national-institute-for-nigerian-languages-act-cap-n50-lfn-2004.pdf,original_pdfs/doc_0271.pdf,laws_pdf/batch_006/doc_0271.pdf,laws_text/batch_006/doc_0271.txt,chunks_jsonl/doc_0271.jsonl
doc_0272,batch_006,National Institute For Policy And Strategic Studies Act Cap N51 Lfn 2004,2004,6,ready_for_embedding,2004/national-institute-for-policy-and-strategic-studies-act-cap-n51-lfn-2004.pdf,original_pdfs/doc_0272.pdf,laws_pdf/batch_006/doc_0272.pdf,laws_text/batch_006/doc_0272.txt,chunks_jsonl/doc_0272.jsonl
doc_0273,batch_006,National Institute For Sports Act Cap N52 Lfn 2004,2004,7,ready_for_embedding,2004/national-institute-for-sports-act-cap-n52-lfn-2004.pdf,original_pdfs/doc_0273.pdf,laws_pdf/batch_006/doc_0273.pdf,laws_text/batch_006/doc_0273.txt,chunks_jsonl/doc_0273.jsonl
doc_0274,batch_006,National Insurance Commission Act Cap N53 Lfn 2004,2004,22,ready_for_embedding,2004/national-insurance-commission-act-cap-n53-lfn-2004.pdf,original_pdfs/doc_0274.pdf,laws_pdf/batch_006/doc_0274.pdf,laws_text/batch_006/doc_0274.txt,chunks_jsonl/doc_0274.jsonl
doc_0275,batch_006,National Insurance Corporation Of Nigeria Act Cap N54 Lfn 2004,2004,13,ready_for_embedding,2004/national-insurance-corporation-of-nigeria-act-cap-n54-lfn-2004.pdf,original_pdfs/doc_0275.pdf,laws_pdf/batch_006/doc_0275.pdf,laws_text/batch_006/doc_0275.txt,chunks_jsonl/doc_0275.jsonl
doc_0276,batch_006,National Judicial Institute Act Cap N55 Lfn 2004,2004,6,ready_for_embedding,2004/national-judicial-institute-act-cap-n55-lfn-2004.pdf,original_pdfs/doc_0276.pdf,laws_pdf/batch_006/doc_0276.pdf,laws_text/batch_006/doc_0276.txt,chunks_jsonl/doc_0276.jsonl
doc_0277,batch_006,National Library Act Cap N56 Lfn 2004,2004,11,ready_for_embedding,2004/national-library-act-cap-n56-lfn-2004.pdf,original_pdfs/doc_0277.pdf,laws_pdf/batch_006/doc_0277.pdf,laws_text/batch_006/doc_0277.txt,chunks_jsonl/doc_0277.jsonl
doc_0278,batch_006,National Manpower Board Act Cap N57 Lfn 2004,2004,7,ready_for_embedding,2004/national-manpower-board-act-cap-n57-lfn-2004.pdf,original_pdfs/doc_0278.pdf,laws_pdf/batch_006/doc_0278.pdf,laws_text/batch_006/doc_0278.txt,chunks_jsonl/doc_0278.jsonl
doc_0279,batch_006,National Mathematical Centre Act Cap N58 Lfn 2004,2004,7,ready_for_embedding,2004/national-mathematical-centre-act-cap-n58-lfn-2004.pdf,original_pdfs/doc_0279.pdf,laws_pdf/batch_006/doc_0279.pdf,laws_text/batch_006/doc_0279.txt,chunks_jsonl/doc_0279.jsonl
doc_0280,batch_006,National Medical College Act Cap N59 Lfn 2004,2004,5,ready_for_embedding,2004/national-medical-college-act-cap-n59-lfn-2004.pdf,original_pdfs/doc_0280.pdf,laws_pdf/batch_006/doc_0280.pdf,laws_text/batch_006/doc_0280.txt,chunks_jsonl/doc_0280.jsonl
doc_0281,batch_006,National Metallurgical Development Centre Act Cap N60 Lfn 2004,2004,10,ready_for_embedding,2004/national-metallurgical-development-centre-act-cap-n60-lfn-2004.pdf,original_pdfs/doc_0281.pdf,laws_pdf/batch_006/doc_0281.pdf,laws_text/batch_006/doc_0281.txt,chunks_jsonl/doc_0281.jsonl
doc_0282,batch_006,National Minimum Wage Act Cap N61 Lfn 2004,2004,4,ready_for_embedding,2004/national-minimum-wage-act-cap-n61-lfn-2004.pdf,original_pdfs/doc_0282.pdf,laws_pdf/batch_006/doc_0282.pdf,laws_text/batch_006/doc_0282.txt,chunks_jsonl/doc_0282.jsonl
doc_0283,batch_006,National Open University Act Cap N63 Lfn 2004,2004,18,ready_for_embedding,2004/national-open-university-act-cap-n63-lfn-2004.pdf,original_pdfs/doc_0283.pdf,laws_pdf/batch_006/doc_0283.pdf,laws_text/batch_006/doc_0283.txt,chunks_jsonl/doc_0283.jsonl
doc_0284,batch_006,National Orientation Agency Act Cap N64 Lfn 2004,2004,9,ready_for_embedding,2004/national-orientation-agency-act-cap-n64-lfn-2004.pdf,original_pdfs/doc_0284.pdf,laws_pdf/batch_006/doc_0284.pdf,laws_text/batch_006/doc_0284.txt,chunks_jsonl/doc_0284.jsonl
doc_0285,batch_006,National Parks Service Act Cap N65 Lfn 2004,2004,1,ready_for_embedding,2004/national-parks-service-act-cap-n65-lfn-2004.pdf,original_pdfs/doc_0285.pdf,laws_pdf/batch_006/doc_0285.pdf,laws_text/batch_006/doc_0285.txt,chunks_jsonl/doc_0285.jsonl
doc_0286,batch_006,National Planning Commission Act Cap N66 Lfn 2004,2004,7,ready_for_embedding,2004/national-planning-commission-act-cap-n66-lfn-2004.pdf,original_pdfs/doc_0286.pdf,laws_pdf/batch_006/doc_0286.pdf,laws_text/batch_006/doc_0286.txt,chunks_jsonl/doc_0286.jsonl
doc_0287,batch_006,National Population Commission Act Cap N67 Lfn 2004,2004,1,ready_for_embedding,2004/national-population-commission-act-cap-n67-lfn-2004.pdf,original_pdfs/doc_0287.pdf,laws_pdf/batch_006/doc_0287.pdf,laws_text/batch_006/doc_0287.txt,chunks_jsonl/doc_0287.jsonl
doc_0288,batch_006,National Primary Health Care Development Agency Act Cap N69 Lfn 2004,2004,8,ready_for_embedding,2004/national-primary-health-care-development-agency-act-cap-n69-lfn-2004.pdf,original_pdfs/doc_0288.pdf,laws_pdf/batch_006/doc_0288.pdf,laws_text/batch_006/doc_0288.txt,chunks_jsonl/doc_0288.jsonl
doc_0289,batch_006,National Productivity Centre Act Cap N70 Lfn 2004,2004,7,ready_for_embedding,2004/national-productivity-centre-act-cap-n70-lfn-2004.pdf,original_pdfs/doc_0289.pdf,laws_pdf/batch_006/doc_0289.pdf,laws_text/batch_006/doc_0289.txt,chunks_jsonl/doc_0289.jsonl
doc_0290,batch_006,National Programme On Immunization Act Cap N71 Lfn 2004,2004,8,ready_for_embedding,2004/national-programme-on-immunization-act-cap-n71-lfn-2004.pdf,original_pdfs/doc_0290.pdf,laws_pdf/batch_006/doc_0290.pdf,laws_text/batch_006/doc_0290.txt,chunks_jsonl/doc_0290.jsonl
doc_0291,batch_006,National Salaries Incomes And Wages Commission Act Cap N72 Lfn 2004,2004,8,ready_for_embedding,2004/national-salaries-incomes-and-wages-commission-act-cap-n72-lfn-2004.pdf,original_pdfs/doc_0291.pdf,laws_pdf/batch_006/doc_0291.pdf,laws_text/batch_006/doc_0291.txt,chunks_jsonl/doc_0291.jsonl
doc_0292,batch_006,National Secondary Education Commission Etc Act Cap N73 Lfn 2004,2004,9,ready_for_embedding,2004/national-secondary-education-commission-etc-act-cap-n73-lfn-2004.pdf,original_pdfs/doc_0292.pdf,laws_pdf/batch_006/doc_0292.pdf,laws_text/batch_006/doc_0292.txt,chunks_jsonl/doc_0292.jsonl
doc_0293,batch_006,National Security Agencies Act Cap N74 Lfn 2004,2004,3,ready_for_embedding,2004/national-security-agencies-act-cap-n74-lfn-2004.pdf,original_pdfs/doc_0293.pdf,laws_pdf/batch_006/doc_0293.pdf,laws_text/batch_006/doc_0293.txt,chunks_jsonl/doc_0293.jsonl
doc_0294,batch_006,National Steel Council Act Cap N76 Lfn 2004,2004,6,ready_for_embedding,2004/national-steel-council-act-cap-n76-lfn-2004.pdf,original_pdfs/doc_0294.pdf,laws_pdf/batch_006/doc_0294.pdf,laws_text/batch_006/doc_0294.txt,chunks_jsonl/doc_0294.jsonl
doc_0295,batch_006,National Steel Raw Materials Exploration Agency Act Cap N77 Lfn 2004,2004,9,ready_for_embedding,2004/national-steel-raw-materials-exploration-agency-act-cap-n77-lfn-2004.pdf,original_pdfs/doc_0295.pdf,laws_pdf/batch_006/doc_0295.pdf,laws_text/batch_006/doc_0295.txt,chunks_jsonl/doc_0295.jsonl
doc_0296,batch_006,National Sugar Development Council Act Cap N78 Lfn 2004,2004,5,ready_for_embedding,2004/national-sugar-development-council-act-cap-n78-lfn-2004.pdf,original_pdfs/doc_0296.pdf,laws_pdf/batch_006/doc_0296.pdf,laws_text/batch_006/doc_0296.txt,chunks_jsonl/doc_0296.jsonl
doc_0297,batch_006,National Teachers Institute Act Cap N79 Lfn 2004,2004,8,ready_for_embedding,2004/national-teachers-institute-act-cap-n79-lfn-2004.pdf,original_pdfs/doc_0297.pdf,laws_pdf/batch_006/doc_0297.pdf,laws_text/batch_006/doc_0297.txt,chunks_jsonl/doc_0297.jsonl
doc_0298,batch_006,National Theatre And The National Troupe Of Nigeria Board Act Cap N80 Lfn 2004,2004,7,ready_for_embedding,2004/national-theatre-and-the-national-troupe-of-nigeria-board-act-cap-n80-lfn-2004.pdf,original_pdfs/doc_0298.pdf,laws_pdf/batch_006/doc_0298.pdf,laws_text/batch_006/doc_0298.txt,chunks_jsonl/doc_0298.jsonl
doc_0299,batch_006,National Universities Commission Act Cap N81 Lfn 2004,2004,6,ready_for_embedding,2004/national-universities-commission-act-cap-n81-lfn-2004.pdf,original_pdfs/doc_0299.pdf,laws_pdf/batch_006/doc_0299.pdf,laws_text/batch_006/doc_0299.txt,chunks_jsonl/doc_0299.jsonl
doc_0300,batch_006,National War College Act Cap N82 Lfn 2004,2004,8,ready_for_embedding,2004/national-war-college-act-cap-n82-lfn-2004.pdf,original_pdfs/doc_0300.pdf,laws_pdf/batch_006/doc_0300.pdf,laws_text/batch_006/doc_0300.txt,chunks_jsonl/doc_0300.jsonl
doc_0301,batch_007,National Youth Service Corps Act Cap N84 Lfn 2004,2004,18,ready_for_embedding,2004/national-youth-service-corps-act-cap-n84-lfn-2004.pdf,original_pdfs/doc_0301.pdf,laws_pdf/batch_007/doc_0301.pdf,laws_text/batch_007/doc_0301.txt,chunks_jsonl/doc_0301.jsonl
doc_0302,batch_007,Niger Delta Development Commission Establishment Etc Act Cap N86 Lfn 2004,2004,10,ready_for_embedding,2004/niger-delta-development-commission-establishment-etc-act-cap-n86-lfn-2004.pdf,original_pdfs/doc_0302.pdf,laws_pdf/batch_007/doc_0302.pdf,laws_text/batch_007/doc_0302.txt,chunks_jsonl/doc_0302.jsonl
doc_0303,batch_007,Nigeria Social Insurance Trust Fund Act Cap N88 Lfn 2004,2004,12,ready_for_embedding,2004/nigeria-social-insurance-trust-fund-act-cap-n88-lfn-2004.pdf,original_pdfs/doc_0303.pdf,laws_pdf/batch_007/doc_0303.pdf,laws_text/batch_007/doc_0303.txt,chunks_jsonl/doc_0303.jsonl
doc_0304,batch_007,Nigerian Agricultural Insurance Corporation Act Cap N89 Lfn 2004,2004,10,ready_for_embedding,2004/nigerian-agricultural-insurance-corporation-act-cap-n89-lfn-2004.pdf,original_pdfs/doc_0304.pdf,laws_pdf/batch_007/doc_0304.pdf,laws_text/batch_007/doc_0304.txt,chunks_jsonl/doc_0304.jsonl
doc_0305,batch_007,Nigerian Airspace Management Agency Establishment Etc Act Cap N90 Lfn 2004,2004,12,ready_for_embedding,2004/nigerian-airspace-management-agency-establishment-etc-act-cap-n90-lfn-2004.pdf,original_pdfs/doc_0305.pdf,laws_pdf/batch_007/doc_0305.pdf,laws_text/batch_007/doc_0305.txt,chunks_jsonl/doc_0305.jsonl
doc_0306,batch_007,Nigerian Atomic Energy Commission Act Cap N90 Lfn 2004,2004,6,ready_for_embedding,2004/nigerian-atomic-energy-commission-act-cap-n90-lfn-2004.pdf,original_pdfs/doc_0306.pdf,laws_pdf/batch_007/doc_0306.pdf,laws_text/batch_007/doc_0306.txt,chunks_jsonl/doc_0306.jsonl
doc_0307,batch_007,Nigerian Bank For Commerce And Industry Act Cap N92 Lfn 2004,2004,6,ready_for_embedding,2004/nigerian-bank-for-commerce-and-industry-act-cap-n92-lfn-2004.pdf,original_pdfs/doc_0307.pdf,laws_pdf/batch_007/doc_0307.pdf,laws_text/batch_007/doc_0307.txt,chunks_jsonl/doc_0307.jsonl
doc_0308,batch_007,Nigerian Childrens Trust Fund Act Cap N93 Lfn 2004,2004,5,ready_for_embedding,2004/nigerian-childrens-trust-fund-act-cap-n93-lfn-2004.pdf,original_pdfs/doc_0308.pdf,laws_pdf/batch_007/doc_0308.pdf,laws_text/batch_007/doc_0308.txt,chunks_jsonl/doc_0308.jsonl
doc_0309,batch_007,Nigerian Civil Aviation Authority Establishment Etc Act Cap N94 Lfn 2004,2004,198,ready_for_embedding,2004/nigerian-civil-aviation-authority-establishment-etc-act-cap-n94-lfn-2004.pdf,original_pdfs/doc_0309.pdf,laws_pdf/batch_007/doc_0309.pdf,laws_text/batch_007/doc_0309.txt,chunks_jsonl/doc_0309.jsonl
doc_0310,batch_007,Nigerian Co Operative Societies Act Cap N98 Lfn 2004,2004,20,ready_for_embedding,2004/nigerian-co-operative-societies-act-cap-n98-lfn-2004.pdf,original_pdfs/doc_0310.pdf,laws_pdf/batch_007/doc_0310.pdf,laws_text/batch_007/doc_0310.txt,chunks_jsonl/doc_0310.jsonl
doc_0311,batch_007,Nigerian Coal Corporation Act Cap N95 Lfn 2004,2004,12,ready_for_embedding,2004/nigerian-coal-corporation-act-cap-n95-lfn-2004.pdf,original_pdfs/doc_0311.pdf,laws_pdf/batch_007/doc_0311.pdf,laws_text/batch_007/doc_0311.txt,chunks_jsonl/doc_0311.jsonl
doc_0312,batch_007,Nigerian College Of Aviation Technology Act Formerly Nigerian Civil Aviation Training Centre Act Cap N96 Lfn 2004,2004,7,ready_for_embedding,2004/nigerian-college-of-aviation-technology-act-formerly-nigerian-civil-aviation-training-centre-act-cap-n96-lfn-2004.pdf,original_pdfs/doc_0312.pdf,laws_pdf/batch_007/doc_0312.pdf,laws_text/batch_007/doc_0312.txt,chunks_jsonl/doc_0312.jsonl
doc_0313,batch_007,Nigerian Council For Management Development Act Cap N99 Lfn 2004,2004,6,ready_for_embedding,2004/nigerian-council-for-management-development-act-cap-n99-lfn-2004.pdf,original_pdfs/doc_0313.pdf,laws_pdf/batch_007/doc_0313.pdf,laws_text/batch_007/doc_0313.txt,chunks_jsonl/doc_0313.jsonl
doc_0314,batch_007,Nigerian Customs Service Board Act Formerly Board Of Customs And Excise Act Cap N100 Lfn 2004,2004,6,ready_for_embedding,2004/nigerian-customs-service-board-act-formerly-board-of-customs-and-excise-act-cap-n100-lfn-2004.pdf,original_pdfs/doc_0314.pdf,laws_pdf/batch_007/doc_0314.pdf,laws_text/batch_007/doc_0314.txt,chunks_jsonl/doc_0314.jsonl
doc_0315,batch_007,Nigerian Defence Academy Act Cap N101 Lfn 2004,2004,12,ready_for_embedding,2004/nigerian-defence-academy-act-cap-n101-lfn-2004.pdf,original_pdfs/doc_0315.pdf,laws_pdf/batch_007/doc_0315.pdf,laws_text/batch_007/doc_0315.txt,chunks_jsonl/doc_0315.jsonl
doc_0316,batch_007,Nigerian Deposit Insurance Corporation Act Cap N102 Lfn 2004,2004,20,ready_for_embedding,2004/nigerian-deposit-insurance-corporation-act-cap-n102-lfn-2004.pdf,original_pdfs/doc_0316.pdf,laws_pdf/batch_007/doc_0316.pdf,laws_text/batch_007/doc_0316.txt,chunks_jsonl/doc_0316.jsonl
doc_0317,batch_007,Nigerian Education Bank Act Cap N104 Lfn 2004,2004,10,ready_for_embedding,2004/nigerian-education-bank-act-cap-n104-lfn-2004.pdf,original_pdfs/doc_0317.pdf,laws_pdf/batch_007/doc_0317.pdf,laws_text/batch_007/doc_0317.txt,chunks_jsonl/doc_0317.jsonl
doc_0318,batch_007,Nigerian Educational Research And Development Council Act Cap N105 Lfn 2004,2004,9,ready_for_embedding,2004/nigerian-educational-research-and-development-council-act-cap-n105-lfn-2004.pdf,original_pdfs/doc_0318.pdf,laws_pdf/batch_007/doc_0318.pdf,laws_text/batch_007/doc_0318.txt,chunks_jsonl/doc_0318.jsonl
doc_0319,batch_007,Nigerian Export Processing Zones Act Cap N107 Lfn 2004,2004,1,ready_for_embedding,2004/nigerian-export-processing-zones-act-cap-n107-lfn-2004.pdf,original_pdfs/doc_0319.pdf,laws_pdf/batch_007/doc_0319.pdf,laws_text/batch_007/doc_0319.txt,chunks_jsonl/doc_0319.jsonl
doc_0320,batch_007,Nigerian Film Corporation Act Cap N109 Lfn 2004,2004,9,ready_for_embedding,2004/nigerian-film-corporation-act-cap-n109-lfn-2004.pdf,original_pdfs/doc_0320.pdf,laws_pdf/batch_007/doc_0320.pdf,laws_text/batch_007/doc_0320.txt,chunks_jsonl/doc_0320.jsonl
doc_0321,batch_007,Nigerian Football Association Act Cap N110 Lfn 2004,2004,9,ready_for_embedding,2004/nigerian-football-association-act-cap-n110-lfn-2004.pdf,original_pdfs/doc_0321.pdf,laws_pdf/batch_007/doc_0321.pdf,laws_text/batch_007/doc_0321.txt,chunks_jsonl/doc_0321.jsonl
doc_0322,batch_007,Nigerian Industrial Development Bank Guarantee Act Cap N111 Lfn 2004,2004,1,ready_for_embedding,2004/nigerian-industrial-development-bank-guarantee-act-cap-n111-lfn-2004.pdf,original_pdfs/doc_0322.pdf,laws_pdf/batch_007/doc_0322.pdf,laws_text/batch_007/doc_0322.txt,chunks_jsonl/doc_0322.jsonl
doc_0323,batch_007,Nigerian Institute Of Advanced Legal Studies Act Cap N112 Lfn 2004,2004,8,ready_for_embedding,2004/nigerian-institute-of-advanced-legal-studies-act-cap-n112-lfn-2004.pdf,original_pdfs/doc_0323.pdf,laws_pdf/batch_007/doc_0323.pdf,laws_text/batch_007/doc_0323.txt,chunks_jsonl/doc_0323.jsonl
doc_0324,batch_007,Nigerian Institute Of International Affairs Act Cap N113 Lfn 2004,2004,9,ready_for_embedding,2004/nigerian-institute-of-international-affairs-act-cap-n113-lfn-2004.pdf,original_pdfs/doc_0324.pdf,laws_pdf/batch_007/doc_0324.pdf,laws_text/batch_007/doc_0324.txt,chunks_jsonl/doc_0324.jsonl
doc_0325,batch_007,Nigerian Institute Of Public Relations Practitioners Act Cap N114 Lfn 2004,2004,16,ready_for_embedding,2004/nigerian-institute-of-public-relations-practitioners-act-cap-n114-lfn-2004.pdf,original_pdfs/doc_0325.pdf,laws_pdf/batch_007/doc_0325.pdf,laws_text/batch_007/doc_0325.txt,chunks_jsonl/doc_0325.jsonl
doc_0326,batch_007,Nigerian Institute Of Social And Economic Research Act Cap N115 Lfn 2004,2004,6,ready_for_embedding,2004/nigerian-institute-of-social-and-economic-research-act-cap-n115-lfn-2004.pdf,original_pdfs/doc_0326.pdf,laws_pdf/batch_007/doc_0326.pdf,laws_text/batch_007/doc_0326.txt,chunks_jsonl/doc_0326.jsonl
doc_0327,batch_007,Nigerian Institute Of Transport Technology Act Cap N116 Lfn 2004,2004,7,ready_for_embedding,2004/nigerian-institute-of-transport-technology-act-cap-n116-lfn-2004.pdf,original_pdfs/doc_0327.pdf,laws_pdf/batch_007/doc_0327.pdf,laws_text/batch_007/doc_0327.txt,chunks_jsonl/doc_0327.jsonl
doc_0328,batch_007,Nigerian Investment Promotion Commission Act Cap N117 Lfn 2004,2004,10,ready_for_embedding,2004/nigerian-investment-promotion-commission-act-cap-n117-lfn-2004.pdf,original_pdfs/doc_0328.pdf,laws_pdf/batch_007/doc_0328.pdf,laws_text/batch_007/doc_0328.txt,chunks_jsonl/doc_0328.jsonl
doc_0329,batch_007,Nigerian Law Reform Commission Act Cap N118 Lfn 2004,2004,5,ready_for_embedding,2004/nigerian-law-reform-commission-act-cap-n118-lfn-2004.pdf,original_pdfs/doc_0329.pdf,laws_pdf/batch_007/doc_0329.pdf,laws_text/batch_007/doc_0329.txt,chunks_jsonl/doc_0329.jsonl
doc_0330,batch_007,Nigerian Legion Act Cap N119 Lfn 2004,2004,9,ready_for_embedding,2004/nigerian-legion-act-cap-n119-lfn-2004.pdf,original_pdfs/doc_0330.pdf,laws_pdf/batch_007/doc_0330.pdf,laws_text/batch_007/doc_0330.txt,chunks_jsonl/doc_0330.jsonl
doc_0331,batch_007,Nigerian Mining Corporation Act Cap N120 Lfn 20041,2004,8,ready_for_embedding,2004/nigerian-mining-corporation-act-cap-n120-lfn-20041.pdf,original_pdfs/doc_0331.pdf,laws_pdf/batch_007/doc_0331.pdf,laws_text/batch_007/doc_0331.txt,chunks_jsonl/doc_0331.jsonl
doc_0332,batch_007,Nigerian National Heroes Register Act Cap N121 Lfn 2004,2004,3,ready_for_embedding,2004/nigerian-national-heroes-register-act-cap-n121-lfn-2004.pdf,original_pdfs/doc_0332.pdf,laws_pdf/batch_007/doc_0332.pdf,laws_text/batch_007/doc_0332.txt,chunks_jsonl/doc_0332.jsonl
doc_0333,batch_007,Nigerian National Merit Award Act Cap N122 Lfn 2004,2004,5,ready_for_embedding,2004/nigerian-national-merit-award-act-cap-n122-lfn-2004.pdf,original_pdfs/doc_0333.pdf,laws_pdf/batch_007/doc_0333.pdf,laws_text/batch_007/doc_0333.txt,chunks_jsonl/doc_0333.jsonl
doc_0334,batch_007,Nigerian National Petroleum Corporation Act Cap N123 Lfn 2004,2004,9,ready_for_embedding,2004/nigerian-national-petroleum-corporation-act-cap-n123-lfn-2004.pdf,original_pdfs/doc_0334.pdf,laws_pdf/batch_007/doc_0334.pdf,laws_text/batch_007/doc_0334.txt,chunks_jsonl/doc_0334.jsonl
doc_0335,batch_007,Nigerian National Petroleum Corporation Projects Act Cap N124 Lfn 2004,2004,2,ready_for_embedding,2004/nigerian-national-petroleum-corporation-projects-act-cap-n124-lfn-2004.pdf,original_pdfs/doc_0335.pdf,laws_pdf/batch_007/doc_0335.pdf,laws_text/batch_007/doc_0335.txt,chunks_jsonl/doc_0335.jsonl
doc_0336,batch_007,Nigerian Ports Authority Act Cap N126 Lfn 2004,2004,46,ready_for_embedding,2004/nigerian-ports-authority-act-cap-n126-lfn-2004.pdf,original_pdfs/doc_0336.pdf,laws_pdf/batch_007/doc_0336.pdf,laws_text/batch_007/doc_0336.txt,chunks_jsonl/doc_0336.jsonl
doc_0337,batch_007,Nigerian Postal Service Act Cap N127 Lfn 2004,2004,0,needs_ocr_or_review,2004/nigerian-postal-service-act-cap-n127-lfn-2004.pdf,original_pdfs/doc_0337.pdf,laws_pdf/batch_007/doc_0337.pdf,,chunks_jsonl/doc_0337.jsonl
doc_0338,batch_007,Nigerian Press Council Act Cap N128 Lfn 2004,2004,14,ready_for_embedding,2004/nigerian-press-council-act-cap-n128-lfn-2004.pdf,original_pdfs/doc_0338.pdf,laws_pdf/batch_007/doc_0338.pdf,laws_text/batch_007/doc_0338.txt,chunks_jsonl/doc_0338.jsonl
doc_0339,batch_007,Nigerian Railway Corporation Act Cap N129 Lfn 2004,2004,1,ready_for_embedding,2004/nigerian-railway-corporation-act-cap-n129-lfn-2004.pdf,original_pdfs/doc_0339.pdf,laws_pdf/batch_007/doc_0339.pdf,laws_text/batch_007/doc_0339.txt,chunks_jsonl/doc_0339.jsonl
doc_0340,batch_007,Nigerian Red Cross Society Act Cap N130 Lfn 2004,2004,3,ready_for_embedding,2004/nigerian-red-cross-society-act-cap-n130-lfn-2004.pdf,original_pdfs/doc_0340.pdf,laws_pdf/batch_007/doc_0340.pdf,laws_text/batch_007/doc_0340.txt,chunks_jsonl/doc_0340.jsonl
doc_0341,batch_007,Nigerian Reinsurance Corporation Act Cap N130 Lfn 2004,2004,7,ready_for_embedding,2004/nigerian-reinsurance-corporation-act-cap-n130-lfn-2004.pdf,original_pdfs/doc_0341.pdf,laws_pdf/batch_007/doc_0341.pdf,laws_text/batch_007/doc_0341.txt,chunks_jsonl/doc_0341.jsonl
doc_0342,batch_007,Nigerian Research Institutes Act Cap N132 Lfn 2004,2004,8,ready_for_embedding,2004/nigerian-research-institutes-act-cap-n132-lfn-2004.pdf,original_pdfs/doc_0342.pdf,laws_pdf/batch_007/doc_0342.pdf,laws_text/batch_007/doc_0342.txt,chunks_jsonl/doc_0342.jsonl
doc_0343,batch_007,Nigerian Shippers Council Act Cap N133 Lfn 2004,2004,5,ready_for_embedding,2004/nigerian-shippers-council-act-cap-n133-lfn-2004.pdf,original_pdfs/doc_0343.pdf,laws_pdf/batch_007/doc_0343.pdf,laws_text/batch_007/doc_0343.txt,chunks_jsonl/doc_0343.jsonl
doc_0344,batch_007,Nigerian Steel Development Authority Act Cap N134 Lfn 2004,2004,7,ready_for_embedding,2004/nigerian-steel-development-authority-act-cap-n134-lfn-2004.pdf,original_pdfs/doc_0344.pdf,laws_pdf/batch_007/doc_0344.pdf,laws_text/batch_007/doc_0344.txt,chunks_jsonl/doc_0344.jsonl
doc_0345,batch_007,Nigerian Technical Aid Corps Act Cap N135 Lfn 2004,2004,1,ready_for_embedding,2004/nigerian-technical-aid-corps-act-cap-n135-lfn-2004.pdf,original_pdfs/doc_0345.pdf,laws_pdf/batch_007/doc_0345.pdf,laws_text/batch_007/doc_0345.txt,chunks_jsonl/doc_0345.jsonl
doc_0346,batch_007,Nigerian Television Authority Act Cap N136 Lfn 2004,2004,11,ready_for_embedding,2004/nigerian-television-authority-act-cap-n136-lfn-2004.pdf,original_pdfs/doc_0346.pdf,laws_pdf/batch_007/doc_0346.pdf,laws_text/batch_007/doc_0346.txt,chunks_jsonl/doc_0346.jsonl
doc_0347,batch_007,Nigerian Tourism Development Corporation Act Cap N137 Lfn 2004,2004,5,ready_for_embedding,2004/nigerian-tourism-development-corporation-act-cap-n137-lfn-2004.pdf,original_pdfs/doc_0347.pdf,laws_pdf/batch_007/doc_0347.pdf,laws_text/batch_007/doc_0347.txt,chunks_jsonl/doc_0347.jsonl
doc_0348,batch_007,Nigerian Urban And Regional Planning Act Cap N138 Lfn 2004,2004,29,ready_for_embedding,2004/nigerian-urban-and-regional-planning-act-cap-n138-lfn-2004.pdf,original_pdfs/doc_0348.pdf,laws_pdf/batch_007/doc_0348.pdf,laws_text/batch_007/doc_0348.txt,chunks_jsonl/doc_0348.jsonl
doc_0349,batch_007,Nnamdi Azikiwe University Act Cap N139 Lfn 2004,2004,21,ready_for_embedding,2004/nnamdi-azikiwe-university-act-cap-n139-lfn-2004.pdf,original_pdfs/doc_0349.pdf,laws_pdf/batch_007/doc_0349.pdf,laws_text/batch_007/doc_0349.txt,chunks_jsonl/doc_0349.jsonl
doc_0350,batch_007,Nnamdi Azikiwe University Teaching Hospital Act Cap N140 Lfn 2004,2004,2,ready_for_embedding,2004/nnamdi-azikiwe-university-teaching-hospital-act-cap-n140-lfn-2004.pdf,original_pdfs/doc_0350.pdf,laws_pdf/batch_007/doc_0350.pdf,laws_text/batch_007/doc_0350.txt,chunks_jsonl/doc_0350.jsonl
doc_0351,batch_008,Notaries Public Act Cap N141 Lfn 2004,2004,6,ready_for_embedding,2004/notaries-public-act-cap-n141-lfn-2004.pdf,original_pdfs/doc_0351.pdf,laws_pdf/batch_008/doc_0351.pdf,laws_text/batch_008/doc_0351.txt,chunks_jsonl/doc_0351.jsonl
doc_0352,batch_008,Nuclear Safety And Radiation Protection Act Cap N142 Lfn 2004,2004,16,ready_for_embedding,2004/nuclear-safety-and-radiation-protection-act-cap-n142-lfn-2004.pdf,original_pdfs/doc_0352.pdf,laws_pdf/batch_008/doc_0352.pdf,laws_text/batch_008/doc_0352.txt,chunks_jsonl/doc_0352.jsonl
doc_0353,batch_008,Nursing And Midwifery Registration Etc Act Cap N143 Lfn 2004,2004,3,ready_for_embedding,2004/nursing-and-midwifery-registration-etc-act-cap-n143-lfn-2004.pdf,original_pdfs/doc_0353.pdf,laws_pdf/batch_008/doc_0353.pdf,laws_text/batch_008/doc_0353.txt,chunks_jsonl/doc_0353.jsonl
doc_0354,batch_008,Oaths Act Cap O1 Lfn 2004,2004,12,ready_for_embedding,2004/oaths-act-cap-o1-lfn-2004.pdf,original_pdfs/doc_0354.pdf,laws_pdf/batch_008/doc_0354.pdf,laws_text/batch_008/doc_0354.txt,chunks_jsonl/doc_0354.jsonl
doc_0355,batch_008,Obafemi Awolowo University Transitional Provisions Act Cap O2 Lfn 2004,2004,37,ready_for_embedding,2004/obafemi-awolowo-university-transitional-provisions-act-cap-o2-lfn-2004.pdf,original_pdfs/doc_0355.pdf,laws_pdf/batch_008/doc_0355.pdf,laws_text/batch_008/doc_0355.txt,chunks_jsonl/doc_0355.jsonl
doc_0356,batch_008,Off Shore Oil Revenues Registration Of Grants Act Cap O4 Lfn 2004,2004,1,ready_for_embedding,2004/off-shore-oil-revenues-registration-of-grants-act-cap-o4-lfn-2004.pdf,original_pdfs/doc_0356.pdf,laws_pdf/batch_008/doc_0356.pdf,laws_text/batch_008/doc_0356.txt,chunks_jsonl/doc_0356.jsonl
doc_0357,batch_008,Official Secrets Act Cap O3 Lfn 2004,2004,4,ready_for_embedding,2004/official-secrets-act-cap-o3-lfn-2004.pdf,original_pdfs/doc_0357.pdf,laws_pdf/batch_008/doc_0357.pdf,laws_text/batch_008/doc_0357.txt,chunks_jsonl/doc_0357.jsonl
doc_0358,batch_008,Oil And Gas Export Free Zone Act Cap O5 Lfn 2004,2004,26,ready_for_embedding,2004/oil-and-gas-export-free-zone-act-cap-o5-lfn-2004.pdf,original_pdfs/doc_0358.pdf,laws_pdf/batch_008/doc_0358.pdf,laws_text/batch_008/doc_0358.txt,chunks_jsonl/doc_0358.jsonl
doc_0359,batch_008,Oil Pipelines Act Cap O7 Lfn 2004,2004,12,ready_for_embedding,2004/oil-pipelines-act-cap-o7-lfn-2004.pdf,original_pdfs/doc_0359.pdf,laws_pdf/batch_008/doc_0359.pdf,laws_text/batch_008/doc_0359.txt,chunks_jsonl/doc_0359.jsonl
doc_0360,batch_008,Oil Terminal Dues Act Cap O8 Lfn 2004,2004,1,ready_for_embedding,2004/oil-terminal-dues-act-cap-o8-lfn-2004.pdf,original_pdfs/doc_0360.pdf,laws_pdf/batch_008/doc_0360.pdf,laws_text/batch_008/doc_0360.txt,chunks_jsonl/doc_0360.jsonl
doc_0361,batch_008,Optometrists And Dispensing Opticiansregistration Etc Act Cap O9 Lfn 2004,2004,15,ready_for_embedding,2004/optometrists-and-dispensing-opticiansregistration-etc-act-cap-o9-lfn-2004.pdf,original_pdfs/doc_0361.pdf,laws_pdf/batch_008/doc_0361.pdf,laws_text/batch_008/doc_0361.txt,chunks_jsonl/doc_0361.jsonl
doc_0362,batch_008,Orthopedic Hospitals Management Board Act Cap O10 Lfn 2004,2004,9,ready_for_embedding,2004/orthopedic-hospitals-management-board-act-cap-o10-lfn-2004.pdf,original_pdfs/doc_0362.pdf,laws_pdf/batch_008/doc_0362.pdf,laws_text/batch_008/doc_0362.txt,chunks_jsonl/doc_0362.jsonl
doc_0363,batch_008,Oso Condensate Project Act Cap O11 Lfn 2004,2004,2,ready_for_embedding,2004/oso-condensate-project-act-cap-o11-lfn-2004.pdf,original_pdfs/doc_0363.pdf,laws_pdf/batch_008/doc_0363.pdf,laws_text/batch_008/doc_0363.txt,chunks_jsonl/doc_0363.jsonl
doc_0364,batch_008,Patents And Designs Act Cap P2 Lfn 2004,2004,18,ready_for_embedding,2004/patents-and-designs-act-cap-p2-lfn-2004.pdf,original_pdfs/doc_0364.pdf,laws_pdf/batch_008/doc_0364.pdf,laws_text/batch_008/doc_0364.txt,chunks_jsonl/doc_0364.jsonl
doc_0365,batch_008,Penal Code Northern States Federal Provisions Act Cap P3 Lfn 2004,2004,15,ready_for_embedding,2004/penal-code-northern-states-federal-provisions-act-cap-p3-lfn-2004.pdf,original_pdfs/doc_0365.pdf,laws_pdf/batch_008/doc_0365.pdf,laws_text/batch_008/doc_0365.txt,chunks_jsonl/doc_0365.jsonl
doc_0366,batch_008,Pension Reform Act No 2 2004,2004,45,ready_for_embedding,2004/pension-reform-act-no-2-2004.pdf,original_pdfs/doc_0366.pdf,laws_pdf/batch_008/doc_0366.pdf,laws_text/batch_008/doc_0366.txt,chunks_jsonl/doc_0366.jsonl
doc_0367,batch_008,Pensions Rights Of Judges Act Cap P5 Lfn 2004,2004,2,ready_for_embedding,2004/pensions-rights-of-judges-act-cap-p5-lfn-2004.pdf,original_pdfs/doc_0367.pdf,laws_pdf/batch_008/doc_0367.pdf,laws_text/batch_008/doc_0367.txt,chunks_jsonl/doc_0367.jsonl
doc_0368,batch_008,Pensions Transfer Of Responsibility United Kingdom Agreement Act Cap P6 Lfn 2004,2004,6,ready_for_embedding,2004/pensions-transfer-of-responsibility-united-kingdom-agreement-act-cap-p6-lfn-2004.pdf,original_pdfs/doc_0368.pdf,laws_pdf/batch_008/doc_0368.pdf,laws_text/batch_008/doc_0368.txt,chunks_jsonl/doc_0368.jsonl
doc_0369,batch_008,Peoples Bank Of Nigeria Act Cap P7 Lfn 2004,2004,5,ready_for_embedding,2004/peoples-bank-of-nigeria-act-cap-p7-lfn-2004.pdf,original_pdfs/doc_0369.pdf,laws_pdf/batch_008/doc_0369.pdf,laws_text/batch_008/doc_0369.txt,chunks_jsonl/doc_0369.jsonl
doc_0370,batch_008,Personal Income Tax Act Cap P8 Lfn 2004,2004,1,ready_for_embedding,2004/personal-income-tax-act-cap-p8-lfn-2004.pdf,original_pdfs/doc_0370.pdf,laws_pdf/batch_008/doc_0370.pdf,laws_text/batch_008/doc_0370.txt,chunks_jsonl/doc_0370.jsonl
doc_0371,batch_008,Pest Control Of Produce Special Powers Act Cap P9 Lfn 2004,2004,2,ready_for_embedding,2004/pest-control-of-produce-special-powers-act-cap-p9-lfn-2004.pdf,original_pdfs/doc_0371.pdf,laws_pdf/batch_008/doc_0371.pdf,laws_text/batch_008/doc_0371.txt,chunks_jsonl/doc_0371.jsonl
doc_0372,batch_008,Petroleum Act Cap P10 Lfn 2004,2004,116,ready_for_embedding,2004/petroleum-act-cap-p10-lfn-2004.pdf,original_pdfs/doc_0372.pdf,laws_pdf/batch_008/doc_0372.pdf,laws_text/batch_008/doc_0372.txt,chunks_jsonl/doc_0372.jsonl
doc_0373,batch_008,Petroleum Equalisation Fund Management Board Etc Act Cap P11 Lfn 2004,2004,5,ready_for_embedding,2004/petroleum-equalisation-fund-management-board-etc-act-cap-p11-lfn-2004.pdf,original_pdfs/doc_0373.pdf,laws_pdf/batch_008/doc_0373.pdf,laws_text/batch_008/doc_0373.txt,chunks_jsonl/doc_0373.jsonl
doc_0374,batch_008,Petroleum Production And Distribution Anti Sabotage Act Cap P12 Lfn 2004,2004,2,ready_for_embedding,2004/petroleum-production-and-distribution-anti-sabotage-act-cap-p12-lfn-2004.pdf,original_pdfs/doc_0374.pdf,laws_pdf/batch_008/doc_0374.pdf,laws_text/batch_008/doc_0374.txt,chunks_jsonl/doc_0374.jsonl
doc_0375,batch_008,Petroleum Profits Tax Act Cap P13 Lfn 2004,2004,1,ready_for_embedding,2004/petroleum-profits-tax-act-cap-p13-lfn-2004.pdf,original_pdfs/doc_0375.pdf,laws_pdf/batch_008/doc_0375.pdf,laws_text/batch_008/doc_0375.txt,chunks_jsonl/doc_0375.jsonl
doc_0376,batch_008,Petroleum Special Trust Fund Act Cap P14 Lfn 2004,2004,1,ready_for_embedding,2004/petroleum-special-trust-fund-act-cap-p14-lfn-2004.pdf,original_pdfs/doc_0376.pdf,laws_pdf/batch_008/doc_0376.pdf,laws_text/batch_008/doc_0376.txt,chunks_jsonl/doc_0376.jsonl
doc_0377,batch_008,Petroleum Technology Development Fund Act Cap P15 Lfn 2004,2004,2,ready_for_embedding,2004/petroleum-technology-development-fund-act-cap-p15-lfn-2004.pdf,original_pdfs/doc_0377.pdf,laws_pdf/batch_008/doc_0377.pdf,laws_text/batch_008/doc_0377.txt,chunks_jsonl/doc_0377.jsonl
doc_0378,batch_008,Petroleum Training Institute Act Cap P16 Lfn 2004,2004,6,ready_for_embedding,2004/petroleum-training-institute-act-cap-p16-lfn-2004.pdf,original_pdfs/doc_0378.pdf,laws_pdf/batch_008/doc_0378.pdf,laws_text/batch_008/doc_0378.txt,chunks_jsonl/doc_0378.jsonl
doc_0379,batch_008,Pharmacists Council Of Nigeria Act Cap P17 Lfn 2004,2004,22,ready_for_embedding,2004/pharmacists-council-of-nigeria-act-cap-p17-lfn-2004.pdf,original_pdfs/doc_0379.pdf,laws_pdf/batch_008/doc_0379.pdf,laws_text/batch_008/doc_0379.txt,chunks_jsonl/doc_0379.jsonl
doc_0380,batch_008,Piers Act Cap P18 Lfn 2004,2004,6,ready_for_embedding,2004/piers-act-cap-p18-lfn-2004.pdf,original_pdfs/doc_0380.pdf,laws_pdf/batch_008/doc_0380.pdf,laws_text/batch_008/doc_0380.txt,chunks_jsonl/doc_0380.jsonl
doc_0381,batch_008,Police Act Cap P19 Lfn 2004,2004,1,ready_for_embedding,2004/police-act-cap-p19-lfn-2004.pdf,original_pdfs/doc_0381.pdf,laws_pdf/batch_008/doc_0381.pdf,laws_text/batch_008/doc_0381.txt,chunks_jsonl/doc_0381.jsonl
doc_0382,batch_008,Police And Other Agencies Pensions Offices Establishment Etc Act Cap P20 Lfn 2004,2004,8,ready_for_embedding,2004/police-and-other-agencies-pensions-offices-establishment-etc-act-cap-p20-lfn-2004.pdf,original_pdfs/doc_0382.pdf,laws_pdf/batch_008/doc_0382.pdf,laws_text/batch_008/doc_0382.txt,chunks_jsonl/doc_0382.jsonl
doc_0383,batch_008,Population Activities Fund Act Cap P22 Lfn 2004,2004,7,ready_for_embedding,2004/population-activities-fund-act-cap-p22-lfn-2004.pdf,original_pdfs/doc_0383.pdf,laws_pdf/batch_008/doc_0383.pdf,laws_text/batch_008/doc_0383.txt,chunks_jsonl/doc_0383.jsonl
doc_0384,batch_008,Posts And Telecommunications Proceedings Act Cap P24 Lfn 2004,2004,1,ready_for_embedding,2004/posts-and-telecommunications-proceedings-act-cap-p24-lfn-2004.pdf,original_pdfs/doc_0384.pdf,laws_pdf/batch_008/doc_0384.pdf,laws_text/batch_008/doc_0384.txt,chunks_jsonl/doc_0384.jsonl
doc_0385,batch_008,Pre Shipment Inspection Of Exports Act Cap P25 Lfn 2004,2004,8,ready_for_embedding,2004/pre-shipment-inspection-of-exports-act-cap-p25-lfn-2004.pdf,original_pdfs/doc_0385.pdf,laws_pdf/batch_008/doc_0385.pdf,laws_text/batch_008/doc_0385.txt,chunks_jsonl/doc_0385.jsonl
doc_0386,batch_008,Pre Shipment Inspection Of Imports Act Cap P26 Lfn 2004,2004,7,ready_for_embedding,2004/pre-shipment-inspection-of-imports-act-cap-p26-lfn-2004.pdf,original_pdfs/doc_0386.pdf,laws_pdf/batch_008/doc_0386.pdf,laws_text/batch_008/doc_0386.txt,chunks_jsonl/doc_0386.jsonl
doc_0387,batch_008,Prevention Of Crimes Act Cap P27 Lfn 2004,2004,11,ready_for_embedding,2004/prevention-of-crimes-act-cap-p27-lfn-2004.pdf,original_pdfs/doc_0387.pdf,laws_pdf/batch_008/doc_0387.pdf,laws_text/batch_008/doc_0387.txt,chunks_jsonl/doc_0387.jsonl
doc_0388,batch_008,Price Control Act Cap P28 Lfn 2004,2004,11,ready_for_embedding,2004/price-control-act-cap-p28-lfn-2004.pdf,original_pdfs/doc_0388.pdf,laws_pdf/batch_008/doc_0388.pdf,laws_text/batch_008/doc_0388.txt,chunks_jsonl/doc_0388.jsonl
doc_0389,batch_008,Prisons Act Cap P29 Lfn 2004,2004,1,ready_for_embedding,2004/prisons-act-cap-p29-lfn-2004.pdf,original_pdfs/doc_0389.pdf,laws_pdf/batch_008/doc_0389.pdf,laws_text/batch_008/doc_0389.txt,chunks_jsonl/doc_0389.jsonl
doc_0390,batch_008,Private Guards Companies Act Cap P30 Lfn 2004,2004,9,ready_for_embedding,2004/private-guards-companies-act-cap-p30-lfn-2004.pdf,original_pdfs/doc_0390.pdf,laws_pdf/batch_008/doc_0390.pdf,laws_text/batch_008/doc_0390.txt,chunks_jsonl/doc_0390.jsonl
doc_0391,batch_008,Probates Re Sealing Act Cap P31 Lfn 2004,2004,2,ready_for_embedding,2004/probates-re-sealing-act-cap-p31-lfn-2004.pdf,original_pdfs/doc_0391.pdf,laws_pdf/batch_008/doc_0391.pdf,laws_text/batch_008/doc_0391.txt,chunks_jsonl/doc_0391.jsonl
doc_0392,batch_008,Produce Enforcement Of Export Standards Act Cap P32 Lfn 2004,2004,19,ready_for_embedding,2004/produce-enforcement-of-export-standards-act-cap-p32-lfn-2004.pdf,original_pdfs/doc_0392.pdf,laws_pdf/batch_008/doc_0392.pdf,laws_text/batch_008/doc_0392.txt,chunks_jsonl/doc_0392.jsonl
doc_0393,batch_008,Professional Bodies Special Provisions Act Cap P33 Lfn 2004,2004,2,ready_for_embedding,2004/professional-bodies-special-provisions-act-cap-p33-lfn-2004.pdf,original_pdfs/doc_0393.pdf,laws_pdf/batch_008/doc_0393.pdf,laws_text/batch_008/doc_0393.txt,chunks_jsonl/doc_0393.jsonl
doc_0394,batch_008,Psychiatric Hospitals Management Board Act Cap P34 Lfn 2004,2004,9,ready_for_embedding,2004/psychiatric-hospitals-management-board-act-cap-p34-lfn-2004.pdf,original_pdfs/doc_0394.pdf,laws_pdf/batch_008/doc_0394.pdf,laws_text/batch_008/doc_0394.txt,chunks_jsonl/doc_0394.jsonl
doc_0395,batch_008,Public Accounts Committee Act Cap P35 Lfn 2004,2004,2,ready_for_embedding,2004/public-accounts-committee-act-cap-p35-lfn-2004.pdf,original_pdfs/doc_0395.pdf,laws_pdf/batch_008/doc_0395.pdf,laws_text/batch_008/doc_0395.txt,chunks_jsonl/doc_0395.jsonl
doc_0396,batch_008,Public Accounts Implementation Tribunal Act Cap P36 Lfn 2004,2004,3,ready_for_embedding,2004/public-accounts-implementation-tribunal-act-cap-p36-lfn-2004.pdf,original_pdfs/doc_0396.pdf,laws_pdf/batch_008/doc_0396.pdf,laws_text/batch_008/doc_0396.txt,chunks_jsonl/doc_0396.jsonl
doc_0397,batch_008,Public Complaints Commission Act Cap P37 Lfn 2004,2004,5,ready_for_embedding,2004/public-complaints-commission-act-cap-p37-lfn-2004.pdf,original_pdfs/doc_0397.pdf,laws_pdf/batch_008/doc_0397.pdf,laws_text/batch_008/doc_0397.txt,chunks_jsonl/doc_0397.jsonl
doc_0398,batch_008,Public Enterprises Privatisation And Commercialisation Act Cap P38 Lfn 2004,2004,1,ready_for_embedding,2004/public-enterprises-privatisation-and-commercialisation-act-cap-p38-lfn-2004.pdf,original_pdfs/doc_0398.pdf,laws_pdf/batch_008/doc_0398.pdf,laws_text/batch_008/doc_0398.txt,chunks_jsonl/doc_0398.jsonl
doc_0399,batch_008,Public Enterprises Regulatory Commission Act Cap P39 Lfn 2004,2004,1,ready_for_embedding,2004/public-enterprises-regulatory-commission-act-cap-p39-lfn-2004.pdf,original_pdfs/doc_0399.pdf,laws_pdf/batch_008/doc_0399.pdf,laws_text/batch_008/doc_0399.txt,chunks_jsonl/doc_0399.jsonl
doc_0400,batch_008,Public Holidays Act Cap P40 Lfn 2004,2004,2,ready_for_embedding,2004/public-holidays-act-cap-p40-lfn-2004.pdf,original_pdfs/doc_0400.pdf,laws_pdf/batch_008/doc_0400.pdf,laws_text/batch_008/doc_0400.txt,chunks_jsonl/doc_0400.jsonl
doc_0401,batch_009,Public Officers Protection Act Cap P41 Lfn 2004,2004,1,ready_for_embedding,2004/public-officers-protection-act-cap-p41-lfn-2004.pdf,original_pdfs/doc_0401.pdf,laws_pdf/batch_009/doc_0401.pdf,laws_text/batch_009/doc_0401.txt,chunks_jsonl/doc_0401.jsonl
doc_0402,batch_009,Quantity Surveyors Registration Etc Act Cap Q1 Lfn 2004,2004,15,ready_for_embedding,2004/quantity-surveyors-registration-etc-act-cap-q1-lfn-2004.pdf,original_pdfs/doc_0402.pdf,laws_pdf/batch_009/doc_0402.pdf,laws_text/batch_009/doc_0402.txt,chunks_jsonl/doc_0402.jsonl
doc_0403,batch_009,Quarantine Act Cap Q2 Lfn 2004,2004,17,ready_for_embedding,2004/quarantine-act-cap-q2-lfn-2004.pdf,original_pdfs/doc_0403.pdf,laws_pdf/batch_009/doc_0403.pdf,laws_text/batch_009/doc_0403.txt,chunks_jsonl/doc_0403.jsonl
doc_0404,batch_009,Radiographersregistration Etc Act Cap R1 Lfn 2004,2004,14,ready_for_embedding,2004/radiographersregistration-etc-act-cap-r1-lfn-2004.pdf,original_pdfs/doc_0404.pdf,laws_pdf/batch_009/doc_0404.pdf,laws_text/batch_009/doc_0404.txt,chunks_jsonl/doc_0404.jsonl
doc_0405,batch_009,Railway Loaninternational Bank Act Cap R2 Lfn 2004,2004,3,ready_for_embedding,2004/railway-loaninternational-bank-act-cap-r2-lfn-2004.pdf,original_pdfs/doc_0405.pdf,laws_pdf/batch_009/doc_0405.pdf,laws_text/batch_009/doc_0405.txt,chunks_jsonl/doc_0405.jsonl
doc_0406,batch_009,Raw Materials Research And Development Council Act Cap R3 Lfn 2004,2004,6,ready_for_embedding,2004/raw-materials-research-and-development-council-act-cap-r3-lfn-2004.pdf,original_pdfs/doc_0406.pdf,laws_pdf/batch_009/doc_0406.pdf,laws_text/batch_009/doc_0406.txt,chunks_jsonl/doc_0406.jsonl
doc_0407,batch_009,Recovery Of Public Propertyspecial Provisions Act Cap R4 Lfn 2004,2004,9,ready_for_embedding,2004/recovery-of-public-propertyspecial-provisions-act-cap-r4-lfn-2004.pdf,original_pdfs/doc_0407.pdf,laws_pdf/batch_009/doc_0407.pdf,laws_text/batch_009/doc_0407.txt,chunks_jsonl/doc_0407.jsonl
doc_0408,batch_009,Remuneration Of Former Presidents And Heads Of State And Other Ancillary Matters Act Cap R6 Lfn 2004,2004,4,ready_for_embedding,2004/remuneration-of-former-presidents-and-heads-of-state-and-other-ancillary-matters-act-cap-r6-lfn-2004.pdf,original_pdfs/doc_0408.pdf,laws_pdf/batch_009/doc_0408.pdf,laws_text/batch_009/doc_0408.txt,chunks_jsonl/doc_0408.jsonl
doc_0409,batch_009,Revenue Mobilisation Allocation And Fiscal Commission Act Cap R7 Lfn 2004,2004,6,ready_for_embedding,2004/revenue-mobilisation-allocation-and-fiscal-commission-act-cap-r7-lfn-2004.pdf,original_pdfs/doc_0409.pdf,laws_pdf/batch_009/doc_0409.pdf,laws_text/batch_009/doc_0409.txt,chunks_jsonl/doc_0409.jsonl
doc_0410,batch_009,Revolving Loans Fund For Industry Act Cap R7 Lfn 2004,2004,2,ready_for_embedding,2004/revolving-loans-fund-for-industry-act-cap-r7-lfn-2004.pdf,original_pdfs/doc_0410.pdf,laws_pdf/batch_009/doc_0410.pdf,laws_text/batch_009/doc_0410.txt,chunks_jsonl/doc_0410.jsonl
doc_0411,batch_009,River Basins Development Authorities Act Cap R9 Lfn 2004,2004,1,ready_for_embedding,2004/river-basins-development-authorities-act-cap-r9-lfn-2004.pdf,original_pdfs/doc_0411.pdf,laws_pdf/batch_009/doc_0411.pdf,laws_text/batch_009/doc_0411.txt,chunks_jsonl/doc_0411.jsonl
doc_0412,batch_009,River Niger Transit Act Cap R10 Lfn 2004,2004,1,ready_for_embedding,2004/river-niger-transit-act-cap-r10-lfn-2004.pdf,original_pdfs/doc_0412.pdf,laws_pdf/batch_009/doc_0412.pdf,laws_text/batch_009/doc_0412.txt,chunks_jsonl/doc_0412.jsonl
doc_0413,batch_009,Robbery And Firearms Special Provisions Act Cap R11 Lfn 2004,2004,4,ready_for_embedding,2004/robbery-and-firearms-special-provisions-act-cap-r11-lfn-2004.pdf,original_pdfs/doc_0413.pdf,laws_pdf/batch_009/doc_0413.pdf,laws_text/batch_009/doc_0413.txt,chunks_jsonl/doc_0413.jsonl
doc_0414,batch_009,Savings Bonds And Certificates Act Cap S1 Lfn 2004,2004,2,ready_for_embedding,2004/savings-bonds-and-certificates-act-cap-s1-lfn-2004.pdf,original_pdfs/doc_0414.pdf,laws_pdf/batch_009/doc_0414.pdf,laws_text/batch_009/doc_0414.txt,chunks_jsonl/doc_0414.jsonl
doc_0415,batch_009,School Year Variation Act Cap S2 Lfn 2004,2004,1,ready_for_embedding,2004/school-year-variation-act-cap-s2-lfn-2004.pdf,original_pdfs/doc_0415.pdf,laws_pdf/batch_009/doc_0415.pdf,laws_text/batch_009/doc_0415.txt,chunks_jsonl/doc_0415.jsonl
doc_0416,batch_009,Scientific And Industrial Research Act Cap S3 Lfn 2004,2004,8,ready_for_embedding,2004/scientific-and-industrial-research-act-cap-s3-lfn-2004.pdf,original_pdfs/doc_0416.pdf,laws_pdf/batch_009/doc_0416.pdf,laws_text/batch_009/doc_0416.txt,chunks_jsonl/doc_0416.jsonl
doc_0417,batch_009,Sheda Science And Technology Complex Act Cap S5 Lfn 2004,2004,10,ready_for_embedding,2004/sheda-science-and-technology-complex-act-cap-s5-lfn-2004.pdf,original_pdfs/doc_0417.pdf,laws_pdf/batch_009/doc_0417.pdf,laws_text/batch_009/doc_0417.txt,chunks_jsonl/doc_0417.jsonl
doc_0418,batch_009,Sheriff And Civil Process Act Cap S6 Lfn 2004,2004,52,ready_for_embedding,2004/sheriff-and-civil-process-act-cap-s6-lfn-2004.pdf,original_pdfs/doc_0418.pdf,laws_pdf/batch_009/doc_0418.pdf,laws_text/batch_009/doc_0418.txt,chunks_jsonl/doc_0418.jsonl
doc_0419,batch_009,Social Development Act Cap S7 Lfn 2004,2004,2,ready_for_embedding,2004/social-development-act-cap-s7-lfn-2004.pdf,original_pdfs/doc_0419.pdf,laws_pdf/batch_009/doc_0419.pdf,laws_text/batch_009/doc_0419.txt,chunks_jsonl/doc_0419.jsonl
doc_0420,batch_009,Stamp Duties Act Cap S8 Lfn 2004,2004,12,ready_for_embedding,2004/stamp-duties-act-cap-s8-lfn-2004.pdf,original_pdfs/doc_0420.pdf,laws_pdf/batch_009/doc_0420.pdf,laws_text/batch_009/doc_0420.txt,chunks_jsonl/doc_0420.jsonl
doc_0421,batch_009,Standards Organisation Of Nigeria Act Cap S9 Lfn 2004,2004,74,ready_for_embedding,2004/standards-organisation-of-nigeria-act-cap-s9-lfn-2004.pdf,original_pdfs/doc_0421.pdf,laws_pdf/batch_009/doc_0421.pdf,laws_text/batch_009/doc_0421.txt,chunks_jsonl/doc_0421.jsonl
doc_0422,batch_009,Statutory Corporations Etcspecial Provisions Act Cap S11 Lfn 2004,2004,3,ready_for_embedding,2004/statutory-corporations-etcspecial-provisions-act-cap-s11-lfn-2004.pdf,original_pdfs/doc_0422.pdf,laws_pdf/batch_009/doc_0422.pdf,laws_text/batch_009/doc_0422.txt,chunks_jsonl/doc_0422.jsonl
doc_0423,batch_009,Statutory Corporations Modifications Etc Act Cap S12 Lfn 2004,2004,2,ready_for_embedding,2004/statutory-corporations-modifications-etc-act-cap-s12-lfn-2004.pdf,original_pdfs/doc_0423.pdf,laws_pdf/batch_009/doc_0423.pdf,laws_text/batch_009/doc_0423.txt,chunks_jsonl/doc_0423.jsonl
doc_0424,batch_009,Statutory Corporations Pensionable Officersretiring Age Limit Act Cap S13 Lfn 2004,2004,2,ready_for_embedding,2004/statutory-corporations-pensionable-officersretiring-age-limit-act-cap-s13-lfn-2004.pdf,original_pdfs/doc_0424.pdf,laws_pdf/batch_009/doc_0424.pdf,laws_text/batch_009/doc_0424.txt,chunks_jsonl/doc_0424.jsonl
doc_0425,batch_009,Students Union Activities Control And Regulation Act Cap S14 Lfn 2004,2004,3,ready_for_embedding,2004/students-union-activities-control-and-regulation-act-cap-s14-lfn-2004.pdf,original_pdfs/doc_0425.pdf,laws_pdf/batch_009/doc_0425.pdf,laws_text/batch_009/doc_0425.txt,chunks_jsonl/doc_0425.jsonl
doc_0426,batch_009,Supreme Court Act Cap S15 Lfn 2004,2004,8,ready_for_embedding,2004/supreme-court-act-cap-s15-lfn-2004.pdf,original_pdfs/doc_0426.pdf,laws_pdf/batch_009/doc_0426.pdf,laws_text/batch_009/doc_0426.txt,chunks_jsonl/doc_0426.jsonl
doc_0427,batch_009,Survey Co Ordination Act Cap S17 Lfn 2004,2004,3,ready_for_embedding,2004/survey-co-ordination-act-cap-s17-lfn-2004.pdf,original_pdfs/doc_0427.pdf,laws_pdf/batch_009/doc_0427.pdf,laws_text/batch_009/doc_0427.txt,chunks_jsonl/doc_0427.jsonl
doc_0428,batch_009,Surveyors Registration Council Of Nigeria Act Cap S18 Lfn 2004,2004,1,ready_for_embedding,2004/surveyors-registration-council-of-nigeria-act-cap-s18-lfn-2004.pdf,original_pdfs/doc_0428.pdf,laws_pdf/batch_009/doc_0428.pdf,laws_text/batch_009/doc_0428.txt,chunks_jsonl/doc_0428.jsonl
doc_0429,batch_009,Tafawa Balewa Square Management Act Cap T1 Lfn 2004,2004,1,ready_for_embedding,2004/tafawa-balewa-square-management-act-cap-t1-lfn-2004.pdf,original_pdfs/doc_0429.pdf,laws_pdf/batch_009/doc_0429.pdf,laws_text/batch_009/doc_0429.txt,chunks_jsonl/doc_0429.jsonl
doc_0430,batch_009,Taxes And Levies Approved List For Collection Act Cap T2 Lfn 2004,2004,4,ready_for_embedding,2004/taxes-and-levies-approved-list-for-collection-act-cap-t2-lfn-2004.pdf,original_pdfs/doc_0430.pdf,laws_pdf/batch_009/doc_0430.pdf,laws_text/batch_009/doc_0430.txt,chunks_jsonl/doc_0430.jsonl
doc_0431,batch_009,Teachers Registration Council Of Nigeria Act Cap T3 Lfn 2004,2004,11,ready_for_embedding,2004/teachers-registration-council-of-nigeria-act-cap-t3-lfn-2004.pdf,original_pdfs/doc_0431.pdf,laws_pdf/batch_009/doc_0431.pdf,laws_text/batch_009/doc_0431.txt,chunks_jsonl/doc_0431.jsonl
doc_0432,batch_009,Telecommunications And Postal Offences Act Cap T4 Lfn 2004,2004,11,ready_for_embedding,2004/telecommunications-and-postal-offences-act-cap-t4-lfn-2004.pdf,original_pdfs/doc_0432.pdf,laws_pdf/batch_009/doc_0432.pdf,laws_text/batch_009/doc_0432.txt,chunks_jsonl/doc_0432.jsonl
doc_0433,batch_009,Territorial Waters Act Cap T5 Lfn 2004,2004,3,ready_for_embedding,2004/territorial-waters-act-cap-t5-lfn-2004.pdf,original_pdfs/doc_0433.pdf,laws_pdf/batch_009/doc_0433.pdf,laws_text/batch_009/doc_0433.txt,chunks_jsonl/doc_0433.jsonl
doc_0434,batch_009,Tobacco Smoking Control Act Cap T6 Lfn 2004,2004,2,ready_for_embedding,2004/tobacco-smoking-control-act-cap-t6-lfn-2004.pdf,original_pdfs/doc_0434.pdf,laws_pdf/batch_009/doc_0434.pdf,laws_text/batch_009/doc_0434.txt,chunks_jsonl/doc_0434.jsonl
doc_0435,batch_009,Town Planners Registration Etc Act Cap T7 Lfn 2004,2004,12,ready_for_embedding,2004/town-planners-registration-etc-act-cap-t7-lfn-2004.pdf,original_pdfs/doc_0435.pdf,laws_pdf/batch_009/doc_0435.pdf,laws_text/batch_009/doc_0435.txt,chunks_jsonl/doc_0435.jsonl
doc_0436,batch_009,Trade Disputes Essential Services Act Cap T9 Lfn 2004,2004,3,ready_for_embedding,2004/trade-disputes-essential-services-act-cap-t9-lfn-2004.pdf,original_pdfs/doc_0436.pdf,laws_pdf/batch_009/doc_0436.pdf,laws_text/batch_009/doc_0436.txt,chunks_jsonl/doc_0436.jsonl
doc_0437,batch_009,Trade Eec Preferences Under The Lome Convention Act Cap T10 Lfn 2004,2004,1,ready_for_embedding,2004/trade-eec-preferences-under-the-lome-convention-act-cap-t10-lfn-2004.pdf,original_pdfs/doc_0437.pdf,laws_pdf/batch_009/doc_0437.pdf,laws_text/batch_009/doc_0437.txt,chunks_jsonl/doc_0437.jsonl
doc_0438,batch_009,Trade Generalised System Of Preferences Act Cap T11 Lfn 2004,2004,2,ready_for_embedding,2004/trade-generalised-system-of-preferences-act-cap-t11-lfn-2004.pdf,original_pdfs/doc_0438.pdf,laws_pdf/batch_009/doc_0438.pdf,laws_text/batch_009/doc_0438.txt,chunks_jsonl/doc_0438.jsonl
doc_0439,batch_009,Trade Malpractices Miscellaneous Offences Act Cap T12 Lfn 2004,2004,2,ready_for_embedding,2004/trade-malpractices-miscellaneous-offences-act-cap-t12-lfn-2004.pdf,original_pdfs/doc_0439.pdf,laws_pdf/batch_009/doc_0439.pdf,laws_text/batch_009/doc_0439.txt,chunks_jsonl/doc_0439.jsonl
doc_0440,batch_009,Trade Marks Act Cap T13 Lfn 2004,2004,23,ready_for_embedding,2004/trade-marks-act-cap-t13-lfn-2004.pdf,original_pdfs/doc_0440.pdf,laws_pdf/batch_009/doc_0440.pdf,laws_text/batch_009/doc_0440.txt,chunks_jsonl/doc_0440.jsonl
doc_0441,batch_009,Trade Unions Act Cap T14 Lfn 2004,2004,37,ready_for_embedding,2004/trade-unions-act-cap-t14-lfn-2004.pdf,original_pdfs/doc_0441.pdf,laws_pdf/batch_009/doc_0441.pdf,laws_text/batch_009/doc_0441.txt,chunks_jsonl/doc_0441.jsonl
doc_0442,batch_009,Trade Unions International Affiliation Act Cap T15 Lfn 2004,2004,1,ready_for_embedding,2004/trade-unions-international-affiliation-act-cap-t15-lfn-2004.pdf,original_pdfs/doc_0442.pdf,laws_pdf/batch_009/doc_0442.pdf,laws_text/batch_009/doc_0442.txt,chunks_jsonl/doc_0442.jsonl
doc_0443,batch_009,Transfer Of Convicted Offenders Enactment And Enforcement Act Cap T16 Lfn 2004,2004,8,ready_for_embedding,2004/transfer-of-convicted-offenders-enactment-and-enforcement-act-cap-t16-lfn-2004.pdf,original_pdfs/doc_0443.pdf,laws_pdf/batch_009/doc_0443.pdf,laws_text/batch_009/doc_0443.txt,chunks_jsonl/doc_0443.jsonl
doc_0444,batch_009,Transferred Officers And Pensions Liability Etc Act Cap T17 Lfn 2004,2004,4,ready_for_embedding,2004/transferred-officers-and-pensions-liability-etc-act-cap-t17-lfn-2004.pdf,original_pdfs/doc_0444.pdf,laws_pdf/batch_009/doc_0444.pdf,laws_text/batch_009/doc_0444.txt,chunks_jsonl/doc_0444.jsonl
doc_0445,batch_009,Treasury Bills Act Cap T18 Lfn 2004,2004,2,ready_for_embedding,2004/treasury-bills-act-cap-t18-lfn-2004.pdf,original_pdfs/doc_0445.pdf,laws_pdf/batch_009/doc_0445.pdf,laws_text/batch_009/doc_0445.txt,chunks_jsonl/doc_0445.jsonl
doc_0446,batch_009,Treasury Certificates Act Cap T19 Lfn 2004,2004,2,ready_for_embedding,2004/treasury-certificates-act-cap-t19-lfn-2004.pdf,original_pdfs/doc_0446.pdf,laws_pdf/batch_009/doc_0446.pdf,laws_text/batch_009/doc_0446.txt,chunks_jsonl/doc_0446.jsonl
doc_0447,batch_009,Treaties Making Procedure Etc Act Cap T20 Lfn 2004,2004,2,ready_for_embedding,2004/treaties-making-procedure-etc-act-cap-t20-lfn-2004.pdf,original_pdfs/doc_0447.pdf,laws_pdf/batch_009/doc_0447.pdf,laws_text/batch_009/doc_0447.txt,chunks_jsonl/doc_0447.jsonl
doc_0448,batch_009,Treaty To Establish African Economic Community Relating To The Pan African Parliament Accession And Jurisdiction Act 2004 2005,2004,1,ready_for_embedding,2004/treaty-to-establish-african-economic-community-relating-to-the-pan-african-parliament-accession-and-jurisdiction-act-2004-2005.pdf,original_pdfs/doc_0448.pdf,laws_pdf/batch_009/doc_0448.pdf,laws_text/batch_009/doc_0448.txt,chunks_jsonl/doc_0448.jsonl
doc_0449,batch_009,Tribunals Certain Consequential Amendments Act Cap T22 Lfn 2004,2004,8,ready_for_embedding,2004/tribunals-certain-consequential-amendments-act-cap-t22-lfn-2004.pdf,original_pdfs/doc_0449.pdf,laws_pdf/batch_009/doc_0449.pdf,laws_text/batch_009/doc_0449.txt,chunks_jsonl/doc_0449.jsonl
doc_0450,batch_009,Tribunals Of Inquiry Act Cap T21 Lfn 2004,2004,5,ready_for_embedding,2004/tribunals-of-inquiry-act-cap-t21-lfn-2004.pdf,original_pdfs/doc_0450.pdf,laws_pdf/batch_009/doc_0450.pdf,laws_text/batch_009/doc_0450.txt,chunks_jsonl/doc_0450.jsonl
doc_0451,batch_010,Trustee Investments Act Cap T22 Lfn 2004,2004,2,ready_for_embedding,2004/trustee-investments-act-cap-t22-lfn-2004.pdf,original_pdfs/doc_0451.pdf,laws_pdf/batch_010/doc_0451.pdf,laws_text/batch_010/doc_0451.txt,chunks_jsonl/doc_0451.jsonl
doc_0452,batch_010,University College Hospital Act Cap U1 Lfn 2004,2004,1,ready_for_embedding,2004/university-college-hospital-act-cap-u1-lfn-2004.pdf,original_pdfs/doc_0452.pdf,laws_pdf/batch_010/doc_0452.pdf,laws_text/batch_010/doc_0452.txt,chunks_jsonl/doc_0452.jsonl
doc_0453,batch_010,University Of Abuja Act Cap U2 Lfn 2004,2004,21,ready_for_embedding,2004/university-of-abuja-act-cap-u2-lfn-2004.pdf,original_pdfs/doc_0453.pdf,laws_pdf/batch_010/doc_0453.pdf,laws_text/batch_010/doc_0453.txt,chunks_jsonl/doc_0453.jsonl
doc_0454,batch_010,University Of Benin Teaching Hospital Management Board Act Cap U3 Lfn 2004,2004,21,ready_for_embedding,2004/university-of-benin-teaching-hospital-management-board-act-cap-u3-lfn-2004.pdf,original_pdfs/doc_0454.pdf,laws_pdf/batch_010/doc_0454.pdf,laws_text/batch_010/doc_0454.txt,chunks_jsonl/doc_0454.jsonl
doc_0455,batch_010,University Of Benin Transitional Provisions Act Cap U4 Lfn 2004,2004,21,ready_for_embedding,2004/university-of-benin-transitional-provisions-act-cap-u4-lfn-2004.pdf,original_pdfs/doc_0455.pdf,laws_pdf/batch_010/doc_0455.pdf,laws_text/batch_010/doc_0455.txt,chunks_jsonl/doc_0455.jsonl
doc_0456,batch_010,University Of Calabar Act Cap U5 Lfn 2004,2004,19,ready_for_embedding,2004/university-of-calabar-act-cap-u5-lfn-2004.pdf,original_pdfs/doc_0456.pdf,laws_pdf/batch_010/doc_0456.pdf,laws_text/batch_010/doc_0456.txt,chunks_jsonl/doc_0456.jsonl
doc_0457,batch_010,University Of Ibadan Act Cap U6 Lfn 2004,2004,22,ready_for_embedding,2004/university-of-ibadan-act-cap-u6-lfn-2004.pdf,original_pdfs/doc_0457.pdf,laws_pdf/batch_010/doc_0457.pdf,laws_text/batch_010/doc_0457.txt,chunks_jsonl/doc_0457.jsonl
doc_0458,batch_010,University Of Illorin Act Cap U7 Lfn 2004,2004,20,ready_for_embedding,2004/university-of-illorin-act-cap-u7-lfn-2004.pdf,original_pdfs/doc_0458.pdf,laws_pdf/batch_010/doc_0458.pdf,laws_text/batch_010/doc_0458.txt,chunks_jsonl/doc_0458.jsonl
doc_0459,batch_010,University Of Jos Act Cap U8 Lfn 2004,2004,20,ready_for_embedding,2004/university-of-jos-act-cap-u8-lfn-2004.pdf,original_pdfs/doc_0459.pdf,laws_pdf/batch_010/doc_0459.pdf,laws_text/batch_010/doc_0459.txt,chunks_jsonl/doc_0459.jsonl
doc_0460,batch_010,University Of Lagos Act Cap U9 Lfn 2004,2004,26,ready_for_embedding,2004/university-of-lagos-act-cap-u9-lfn-2004.pdf,original_pdfs/doc_0460.pdf,laws_pdf/batch_010/doc_0460.pdf,laws_text/batch_010/doc_0460.txt,chunks_jsonl/doc_0460.jsonl
doc_0461,batch_010,University Of Maiduguri Act Cap U10 Lfn 2004,2004,20,ready_for_embedding,2004/university-of-maiduguri-act-cap-u10-lfn-2004.pdf,original_pdfs/doc_0461.pdf,laws_pdf/batch_010/doc_0461.pdf,laws_text/batch_010/doc_0461.txt,chunks_jsonl/doc_0461.jsonl
doc_0462,batch_010,University Of Nigeria Act Cap U11 Lfn 2004,2004,21,ready_for_embedding,2004/university-of-nigeria-act-cap-u11-lfn-2004.pdf,original_pdfs/doc_0462.pdf,laws_pdf/batch_010/doc_0462.pdf,laws_text/batch_010/doc_0462.txt,chunks_jsonl/doc_0462.jsonl
doc_0463,batch_010,University Of Nigeria Teaching Hospital Management Board Act Cap U12 Lfn 2004,2004,1,ready_for_embedding,2004/university-of-nigeria-teaching-hospital-management-board-act-cap-u12-lfn-2004.pdf,original_pdfs/doc_0463.pdf,laws_pdf/batch_010/doc_0463.pdf,laws_text/batch_010/doc_0463.txt,chunks_jsonl/doc_0463.jsonl
doc_0464,batch_010,University Of Port Harcourt Act Cap U13 Lfn 2004,2004,20,ready_for_embedding,2004/university-of-port-harcourt-act-cap-u13-lfn-2004.pdf,original_pdfs/doc_0464.pdf,laws_pdf/batch_010/doc_0464.pdf,laws_text/batch_010/doc_0464.txt,chunks_jsonl/doc_0464.jsonl
doc_0465,batch_010,University Teaching Hospitals Reconstitution Of Boards Etc Act Cap U15 Lfn 2004,2004,8,ready_for_embedding,2004/university-teaching-hospitals-reconstitution-of-boards-etc-act-cap-u15-lfn-2004.pdf,original_pdfs/doc_0465.pdf,laws_pdf/batch_010/doc_0465.pdf,laws_text/batch_010/doc_0465.txt,chunks_jsonl/doc_0465.jsonl
doc_0466,batch_010,Urban Development Bank Of Nigeria Act Cap U16 Lfn 2004,2004,2,ready_for_embedding,2004/urban-development-bank-of-nigeria-act-cap-u16-lfn-2004.pdf,original_pdfs/doc_0466.pdf,laws_pdf/batch_010/doc_0466.pdf,laws_text/batch_010/doc_0466.txt,chunks_jsonl/doc_0466.jsonl
doc_0467,batch_010,Usumanu Dan Fodio University Act Cap U14 Lfn 2004,2004,0,needs_ocr_or_review,2004/usumanu-dan-fodio-university-act-cap-u14-lfn-2004.pdf,original_pdfs/doc_0467.pdf,laws_pdf/batch_010/doc_0467.pdf,,chunks_jsonl/doc_0467.jsonl
doc_0468,batch_010,Utilities Charges Commission Act Cap U17 Lfn 2004,2004,7,ready_for_embedding,2004/utilities-charges-commission-act-cap-u17-lfn-2004.pdf,original_pdfs/doc_0468.pdf,laws_pdf/batch_010/doc_0468.pdf,laws_text/batch_010/doc_0468.txt,chunks_jsonl/doc_0468.jsonl
doc_0469,batch_010,Value Added Tax Act Cap V1 Lfn 2004,2004,28,ready_for_embedding,2004/value-added-tax-act-cap-v1-lfn-2004.pdf,original_pdfs/doc_0469.pdf,laws_pdf/batch_010/doc_0469.pdf,laws_text/batch_010/doc_0469.txt,chunks_jsonl/doc_0469.jsonl
doc_0470,batch_010,Venture Capital Incentives Act Cap V2 Lfn 2004,2004,3,ready_for_embedding,2004/venture-capital-incentives-act-cap-v2-lfn-2004.pdf,original_pdfs/doc_0470.pdf,laws_pdf/batch_010/doc_0470.pdf,laws_text/batch_010/doc_0470.txt,chunks_jsonl/doc_0470.jsonl
doc_0471,batch_010,Veterinary Surgeons Act Cap V3 Lfn 2004,2004,14,ready_for_embedding,2004/veterinary-surgeons-act-cap-v3-lfn-2004.pdf,original_pdfs/doc_0471.pdf,laws_pdf/batch_010/doc_0471.pdf,laws_text/batch_010/doc_0471.txt,chunks_jsonl/doc_0471.jsonl
doc_0472,batch_010,Visiting Forces Act Cap V4 Lfn 2004,2004,10,ready_for_embedding,2004/visiting-forces-act-cap-v4-lfn-2004.pdf,original_pdfs/doc_0472.pdf,laws_pdf/batch_010/doc_0472.pdf,laws_text/batch_010/doc_0472.txt,chunks_jsonl/doc_0472.jsonl
doc_0473,batch_010,Voice Of Nigeria Corporation Act Cap V5 Lfn 2004,2004,9,ready_for_embedding,2004/voice-of-nigeria-corporation-act-cap-v5-lfn-2004.pdf,original_pdfs/doc_0473.pdf,laws_pdf/batch_010/doc_0473.pdf,laws_text/batch_010/doc_0473.txt,chunks_jsonl/doc_0473.jsonl
doc_0474,batch_010,Wages Boards And Industrial Councils Act Cap W1 Lfn 2004,2004,14,ready_for_embedding,2004/wages-boards-and-industrial-councils-act-cap-w1-lfn-2004.pdf,original_pdfs/doc_0474.pdf,laws_pdf/batch_010/doc_0474.pdf,laws_text/batch_010/doc_0474.txt,chunks_jsonl/doc_0474.jsonl
doc_0475,batch_010,Water Resources Act Cap W2 Lfn 2004,2004,7,ready_for_embedding,2004/water-resources-act-cap-w2-lfn-2004.pdf,original_pdfs/doc_0475.pdf,laws_pdf/batch_010/doc_0475.pdf,laws_text/batch_010/doc_0475.txt,chunks_jsonl/doc_0475.jsonl
doc_0476,batch_010,Weights And Measures Act Cap W3 Lfn 2004,2004,90,ready_for_embedding,2004/weights-and-measures-act-cap-w3-lfn-2004.pdf,original_pdfs/doc_0476.pdf,laws_pdf/batch_010/doc_0476.pdf,laws_text/batch_010/doc_0476.txt,chunks_jsonl/doc_0476.jsonl
doc_0477,batch_010,West African Examination Council Act Cap W4 Lfn 2004,2004,10,ready_for_embedding,2004/west-african-examination-council-act-cap-w4-lfn-2004.pdf,original_pdfs/doc_0477.pdf,laws_pdf/batch_010/doc_0477.pdf,laws_text/batch_010/doc_0477.txt,chunks_jsonl/doc_0477.jsonl
doc_0478,batch_010,Wireless Telegraphy Act Cap W5 Lfn 2004,2004,2,ready_for_embedding,2004/wireless-telegraphy-act-cap-w5-lfn-2004.pdf,original_pdfs/doc_0478.pdf,laws_pdf/batch_010/doc_0478.pdf,laws_text/batch_010/doc_0478.txt,chunks_jsonl/doc_0478.jsonl
doc_0479,batch_010,World Meteorological Organisation Protection Act Cap W7 Lfn 2004,2004,1,ready_for_embedding,2004/world-meteorological-organisation-protection-act-cap-w7-lfn-2004.pdf,original_pdfs/doc_0479.pdf,laws_pdf/batch_010/doc_0479.pdf,laws_text/batch_010/doc_0479.txt,chunks_jsonl/doc_0479.jsonl
doc_0480,batch_010,Monitoring Of Revenue Allocation To Local Governments Act 2005,2005,3,ready_for_embedding,2005/monitoring-of-revenue-allocation-to-local-governments-act-2005.pdf,original_pdfs/doc_0480.pdf,laws_pdf/batch_010/doc_0480.pdf,laws_text/batch_010/doc_0480.txt,chunks_jsonl/doc_0480.jsonl
doc_0481,batch_010,National Lottery Act 2005 No 7 2005,2005,18,ready_for_embedding,2005/national-lottery-act-2005-no-7-2005.pdf,original_pdfs/doc_0481.pdf,laws_pdf/batch_010/doc_0481.pdf,laws_text/batch_010/doc_0481.txt,chunks_jsonl/doc_0481.jsonl
doc_0482,batch_010,West African Gas Pipeline Project Act No 11 2005,2005,32,ready_for_embedding,2005/west-african-gas-pipeline-project-act-no-11-2005.pdf,original_pdfs/doc_0482.pdf,laws_pdf/batch_010/doc_0482.pdf,laws_text/batch_010/doc_0482.txt,chunks_jsonl/doc_0482.jsonl
doc_0483,batch_010,Border Communities Development Agency Act Amendment Act 2006,2006,3,ready_for_embedding,2006/border-communities-development-agency-act-amendment-act-2006.pdf,original_pdfs/doc_0483.pdf,laws_pdf/batch_010/doc_0483.pdf,laws_text/batch_010/doc_0483.txt,chunks_jsonl/doc_0483.jsonl
doc_0484,batch_010,Civil Aviation Repeal And Re Enactment Act 2006 Cap C13 Lfn 2004,2006,189,ready_for_embedding,2006/civil-aviation-repeal-and-re-enactment-act-2006-cap-c13-lfn-2004.pdf,original_pdfs/doc_0484.pdf,laws_pdf/batch_010/doc_0484.pdf,laws_text/batch_010/doc_0484.txt,chunks_jsonl/doc_0484.jsonl
doc_0485,batch_010,National Oil Spill Detection And Response Agency Establishment Act 2006 No 15 2006,2006,13,ready_for_embedding,2006/national-oil-spill-detection-and-response-agency-establishment-act-2006-no-15-2006.pdf,original_pdfs/doc_0485.pdf,laws_pdf/batch_010/doc_0485.pdf,laws_text/batch_010/doc_0485.txt,chunks_jsonl/doc_0485.jsonl
doc_0486,batch_010,Nigeria Deposit Insurance Corporation Act 2006,2006,19,ready_for_embedding,2006/nigeria-deposit-insurance-corporation-act-2006.pdf,original_pdfs/doc_0486.pdf,laws_pdf/batch_010/doc_0486.pdf,laws_text/batch_010/doc_0486.txt,chunks_jsonl/doc_0486.jsonl
doc_0487,batch_010,Chartered Institute Of Bankers Of Nigeria Act 2007 Cap C8 Lfn 2004,2007,17,ready_for_embedding,2007/chartered-institute-of-bankers-of-nigeria-act-2007-cap-c8-lfn-2004.pdf,original_pdfs/doc_0487.pdf,laws_pdf/batch_010/doc_0487.pdf,laws_text/batch_010/doc_0487.txt,chunks_jsonl/doc_0487.jsonl
doc_0488,batch_010,Chartered Institute Of Bankers Of Nigeria Act No 5 2007,2007,1,ready_for_embedding,2007/chartered-institute-of-bankers-of-nigeria-act-no-5-2007.pdf,original_pdfs/doc_0488.pdf,laws_pdf/batch_010/doc_0488.pdf,laws_text/batch_010/doc_0488.txt,chunks_jsonl/doc_0488.jsonl
doc_0489,batch_010,Chartered Institute Of Professional Printers Of Nigeria Act 2007 No 24 2007,2007,17,ready_for_embedding,2007/chartered-institute-of-professional-printers-of-nigeria-act-2007-no-24-2007.pdf,original_pdfs/doc_0489.pdf,laws_pdf/batch_010/doc_0489.pdf,laws_text/batch_010/doc_0489.txt,chunks_jsonl/doc_0489.jsonl
doc_0490,batch_010,Council For The Regulation Of Freight Forwarding In Nigeria Act 2007,2007,17,ready_for_embedding,2007/council-for-the-regulation-of-freight-forwarding-in-nigeria-act-2007.pdf,original_pdfs/doc_0490.pdf,laws_pdf/batch_010/doc_0490.pdf,laws_text/batch_010/doc_0490.txt,chunks_jsonl/doc_0490.jsonl
doc_0491,batch_010,Federal Capital Territory Customary Courts Act 2007,2007,19,ready_for_embedding,2007/federal-capital-territory-customary-courts-act-2007.pdf,original_pdfs/doc_0491.pdf,laws_pdf/batch_010/doc_0491.pdf,laws_text/batch_010/doc_0491.txt,chunks_jsonl/doc_0491.jsonl
doc_0492,batch_010,Fiscal Responsibility Act No 31 2007,2007,15,ready_for_embedding,2007/fiscal-responsibility-act-no-31-2007.pdf,original_pdfs/doc_0492.pdf,laws_pdf/batch_010/doc_0492.pdf,laws_text/batch_010/doc_0492.txt,chunks_jsonl/doc_0492.jsonl
doc_0493,batch_010,Investments And Securities Act 2007,2007,119,ready_for_embedding,2007/investments-and-securities-act-2007.pdf,original_pdfs/doc_0493.pdf,laws_pdf/batch_010/doc_0493.pdf,laws_text/batch_010/doc_0493.txt,chunks_jsonl/doc_0493.jsonl
doc_0494,batch_010,Merchant Shipping Act No 27 2007,2007,11,ready_for_embedding,2007/merchant-shipping-act-no-27-2007.pdf,original_pdfs/doc_0494.pdf,laws_pdf/batch_010/doc_0494.pdf,laws_text/batch_010/doc_0494.txt,chunks_jsonl/doc_0494.jsonl
doc_0495,batch_010,National Commission For Mass Literacy Adult And Non Formal Education Act National Automotive Council Amendment Act 2007 Cap N18 Lfn 2004,2007,9,ready_for_embedding,2007/national-commission-for-mass-literacy-adult-and-non-formal-education-act-national-automotive-council-amendment-act-2007-cap-n18-lfn-2004.pdf,original_pdfs/doc_0495.pdf,laws_pdf/batch_010/doc_0495.pdf,laws_text/batch_010/doc_0495.txt,chunks_jsonl/doc_0495.jsonl
doc_0496,batch_010,National Environmental Standards And Regulations Enforcement Agency Establishment Act 2007,2007,15,ready_for_embedding,2007/national-environmental-standards-and-regulations-enforcement-agency-establishment-act-2007.pdf,original_pdfs/doc_0496.pdf,laws_pdf/batch_010/doc_0496.pdf,laws_text/batch_010/doc_0496.txt,chunks_jsonl/doc_0496.jsonl
doc_0497,batch_010,National Identity Management Commission Act 2007 No 23 2007,2007,17,ready_for_embedding,2007/national-identity-management-commission-act-2007-no-23-2007.pdf,original_pdfs/doc_0497.pdf,laws_pdf/batch_010/doc_0497.pdf,laws_text/batch_010/doc_0497.txt,chunks_jsonl/doc_0497.jsonl
doc_0498,batch_010,National Information Technology Development Agency Act 2007 No 28 Act 2007,2007,13,ready_for_embedding,2007/national-information-technology-development-agency-act-2007-no-28-act-2007.pdf,original_pdfs/doc_0498.pdf,laws_pdf/batch_010/doc_0498.pdf,laws_text/batch_010/doc_0498.txt,chunks_jsonl/doc_0498.jsonl
doc_0499,batch_010,Nigeria Security And Civil Defense Corps Act 2007,2007,3,ready_for_embedding,2007/nigeria-security-and-civil-defense-corps-act-2007.pdf,original_pdfs/doc_0499.pdf,laws_pdf/batch_010/doc_0499.pdf,laws_text/batch_010/doc_0499.txt,chunks_jsonl/doc_0499.jsonl
doc_0500,batch_010,Nigerian Christian Pilgrim Commission Establishment Act 2007 No 32 2007,2007,6,ready_for_embedding,2007/nigerian-christian-pilgrim-commission-establishment-act-2007-no-32-2007.pdf,original_pdfs/doc_0500.pdf,laws_pdf/batch_010/doc_0500.pdf,laws_text/batch_010/doc_0500.txt,chunks_jsonl/doc_0500.jsonl
doc_0501,batch_011,Nigerian Maritime Administration And Safety Agency Act 2007 No 17 2007,2007,25,ready_for_embedding,2007/nigerian-maritime-administration-and-safety-agency-act-2007-no-17-2007.pdf,original_pdfs/doc_0501.pdf,laws_pdf/batch_011/doc_0501.pdf,laws_text/batch_011/doc_0501.txt,chunks_jsonl/doc_0501.jsonl
doc_0502,batch_011,Nigerian Minerals And Mining Act 2007,2007,48,ready_for_embedding,2007/nigerian-minerals-and-mining-act-2007.pdf,original_pdfs/doc_0502.pdf,laws_pdf/batch_011/doc_0502.pdf,laws_text/batch_011/doc_0502.txt,chunks_jsonl/doc_0502.jsonl
doc_0503,batch_011,Public Procurement Act No 14 2007,2007,33,ready_for_embedding,2007/public-procurement-act-no-14-2007.pdf,original_pdfs/doc_0503.pdf,laws_pdf/batch_011/doc_0503.pdf,laws_text/batch_011/doc_0503.txt,chunks_jsonl/doc_0503.jsonl
doc_0504,batch_011,Asset Management Corporation Of Nigeria Act 2010,2010,1,ready_for_embedding,2010/asset-management-corporation-of-nigeria-act-2010.pdf,original_pdfs/doc_0504.pdf,laws_pdf/batch_011/doc_0504.pdf,laws_text/batch_011/doc_0504.txt,chunks_jsonl/doc_0504.jsonl
doc_0505,batch_011,Constitution Of The Federal Republic Of Nigeria First Alteration Act 2010,2010,1,ready_for_embedding,2010/constitution-of-the-federal-republic-of-nigeria-first-alteration-act-2010.pdf,original_pdfs/doc_0505.pdf,laws_pdf/batch_011/doc_0505.pdf,laws_text/batch_011/doc_0505.txt,chunks_jsonl/doc_0505.jsonl
doc_0506,batch_011,Constitution Of The Federal Republic Of Nigeria Second Alteration Act 2010,2010,1,ready_for_embedding,2010/constitution-of-the-federal-republic-of-nigeria-second-alteration-act-2010.pdf,original_pdfs/doc_0506.pdf,laws_pdf/batch_011/doc_0506.pdf,laws_text/batch_011/doc_0506.txt,chunks_jsonl/doc_0506.jsonl
doc_0507,batch_011,Employees Compensation Act 2010,2010,31,ready_for_embedding,2010/employees-compensation-act-2010.pdf,original_pdfs/doc_0507.pdf,laws_pdf/batch_011/doc_0507.pdf,laws_text/batch_011/doc_0507.txt,chunks_jsonl/doc_0507.jsonl
doc_0508,batch_011,Federal Capital Territory Abuja Area Courts Repeal And Enactment Act 2010,2010,11,ready_for_embedding,2010/federal-capital-territory-abuja-area-courts-repeal-and-enactment-act-2010.pdf,original_pdfs/doc_0508.pdf,laws_pdf/batch_011/doc_0508.pdf,laws_text/batch_011/doc_0508.txt,chunks_jsonl/doc_0508.jsonl
doc_0509,batch_011,Hydroelectric Power Producing Areas Development Commission Establishment Etc Act 2010,2010,9,ready_for_embedding,2010/hydroelectric-power-producing-areas-development-commission-establishment-etc-act-2010.pdf,original_pdfs/doc_0509.pdf,laws_pdf/batch_011/doc_0509.pdf,laws_text/batch_011/doc_0509.txt,chunks_jsonl/doc_0509.jsonl
doc_0510,batch_011,National Human Rights Commission Amendment Act 2010,2010,7,ready_for_embedding,2010/national-human-rights-commission-amendment-act-2010.pdf,original_pdfs/doc_0510.pdf,laws_pdf/batch_011/doc_0510.pdf,laws_text/batch_011/doc_0510.txt,chunks_jsonl/doc_0510.jsonl
doc_0511,batch_011,National Space Research And Development Agency Act 2010,2010,12,ready_for_embedding,2010/national-space-research-and-development-agency-act-2010.pdf,original_pdfs/doc_0511.pdf,laws_pdf/batch_011/doc_0511.pdf,laws_text/batch_011/doc_0511.txt,chunks_jsonl/doc_0511.jsonl
doc_0512,batch_011,Nigeria Hydrological Services Agency Establishment Act 2010,2010,8,ready_for_embedding,2010/nigeria-hydrological-services-agency-establishment-act-2010.pdf,original_pdfs/doc_0512.pdf,laws_pdf/batch_011/doc_0512.pdf,laws_text/batch_011/doc_0512.txt,chunks_jsonl/doc_0512.jsonl
doc_0513,batch_011,Nigerian Oil And Gas Industry Content Development Act 2010,2010,17,ready_for_embedding,2010/nigerian-oil-and-gas-industry-content-development-act-2010.pdf,original_pdfs/doc_0513.pdf,laws_pdf/batch_011/doc_0513.pdf,laws_text/batch_011/doc_0513.txt,chunks_jsonl/doc_0513.jsonl
doc_0514,batch_011,Financial Reporting Council Of Nigeria Act 2011,2011,23,ready_for_embedding,2011/financial-reporting-council-of-nigeria-act-2011.pdf,original_pdfs/doc_0514.pdf,laws_pdf/batch_011/doc_0514.pdf,laws_text/batch_011/doc_0514.txt,chunks_jsonl/doc_0514.jsonl
doc_0515,batch_011,Fiscal Responsibility Commission Act Amendment Act 2011,2011,3,ready_for_embedding,2011/fiscal-responsibility-commission-act-amendment-act-2011.pdf,original_pdfs/doc_0515.pdf,laws_pdf/batch_011/doc_0515.pdf,laws_text/batch_011/doc_0515.txt,chunks_jsonl/doc_0515.jsonl
doc_0516,batch_011,Freedom Of Information Act 2011,2011,10,ready_for_embedding,2011/freedom-of-information-act-2011.pdf,original_pdfs/doc_0516.pdf,laws_pdf/batch_011/doc_0516.pdf,laws_text/batch_011/doc_0516.txt,chunks_jsonl/doc_0516.jsonl
doc_0517,batch_011,Money Laundering Prohibition Act No 7 2011,2011,10,ready_for_embedding,2011/money-laundering-prohibition-act-no-7-2011.pdf,original_pdfs/doc_0517.pdf,laws_pdf/batch_011/doc_0517.pdf,laws_text/batch_011/doc_0517.txt,chunks_jsonl/doc_0517.jsonl
doc_0518,batch_011,National Institute For Legislative Studies Act 2011,2011,7,ready_for_embedding,2011/national-institute-for-legislative-studies-act-2011.pdf,original_pdfs/doc_0518.pdf,laws_pdf/batch_011/doc_0518.pdf,laws_text/batch_011/doc_0518.txt,chunks_jsonl/doc_0518.jsonl
doc_0519,batch_011,National Minimum Wage Amendment Act 2011,2011,2,ready_for_embedding,2011/national-minimum-wage-amendment-act-2011.pdf,original_pdfs/doc_0519.pdf,laws_pdf/batch_011/doc_0519.pdf,laws_text/batch_011/doc_0519.txt,chunks_jsonl/doc_0519.jsonl
doc_0520,batch_011,Nigeria Sovereign Investment Authority Establishment Etc Act 2011,2011,17,ready_for_embedding,2011/nigeria-sovereign-investment-authority-establishment-etc-act-2011.pdf,original_pdfs/doc_0520.pdf,laws_pdf/batch_011/doc_0520.pdf,laws_text/batch_011/doc_0520.txt,chunks_jsonl/doc_0520.jsonl
doc_0521,batch_011,Terrorism Prevention Act 2011,2011,1,ready_for_embedding,2011/terrorism-prevention-act-2011.pdf,original_pdfs/doc_0521.pdf,laws_pdf/batch_011/doc_0521.pdf,laws_text/batch_011/doc_0521.txt,chunks_jsonl/doc_0521.jsonl
doc_0522,batch_011,Same Sex Marriage Prohibition Act 2014,2014,2,ready_for_embedding,2014/same-sex-marriage-prohibition-act-2014.pdf,original_pdfs/doc_0522.pdf,laws_pdf/batch_011/doc_0522.pdf,laws_text/batch_011/doc_0522.txt,chunks_jsonl/doc_0522.jsonl
doc_0523,batch_011,Standards Organisation Of Nigeria Act 2015,2015,10,ready_for_embedding,2015/standards-organisation-of-nigeria-act-2015.pdf,original_pdfs/doc_0523.pdf,laws_pdf/batch_011/doc_0523.pdf,laws_text/batch_011/doc_0523.txt,chunks_jsonl/doc_0523.jsonl
doc_0524,batch_011,Advertising Practitioners Registration Amendment Act 2016,2016,1,ready_for_embedding,2016/advertising-practitioners-registration-amendment-act-2016.pdf,original_pdfs/doc_0524.pdf,laws_pdf/batch_011/doc_0524.pdf,laws_text/batch_011/doc_0524.txt,chunks_jsonl/doc_0524.jsonl
doc_0525,batch_011,Bee Import Control And Management Amendment Act 2016,2016,6,ready_for_embedding,2016/bee-import-control-and-management-amendment-act-2016.pdf,original_pdfs/doc_0525.pdf,laws_pdf/batch_011/doc_0525.pdf,laws_text/batch_011/doc_0525.txt,chunks_jsonl/doc_0525.jsonl
doc_0526,batch_011,Chartered Institute Of Stock Brokers Amendment Act 2016,2016,1,ready_for_embedding,2016/chartered-institute-of-stock-brokers-amendment-act-2016.pdf,original_pdfs/doc_0526.pdf,laws_pdf/batch_011/doc_0526.pdf,laws_text/batch_011/doc_0526.txt,chunks_jsonl/doc_0526.jsonl
doc_0527,batch_011,Endangered Species Control Of International Trade And Traffic Amendment Act 2016,2016,2,ready_for_embedding,2016/endangered-species-control-of-international-trade-and-traffic-amendment-act-2016.pdf,original_pdfs/doc_0527.pdf,laws_pdf/batch_011/doc_0527.pdf,laws_text/batch_011/doc_0527.txt,chunks_jsonl/doc_0527.jsonl
doc_0528,batch_011,Mortgage Institutions Amendment Act 2016,2016,1,ready_for_embedding,2016/mortgage-institutions-amendment-act-2016.pdf,original_pdfs/doc_0528.pdf,laws_pdf/batch_011/doc_0528.pdf,laws_text/batch_011/doc_0528.txt,chunks_jsonl/doc_0528.jsonl
doc_0529,batch_011,National Agricultural Land Development Authority Amendment Act 2016,2016,2,ready_for_embedding,2016/national-agricultural-land-development-authority-amendment-act-2016.pdf,original_pdfs/doc_0529.pdf,laws_pdf/batch_011/doc_0529.pdf,laws_text/batch_011/doc_0529.txt,chunks_jsonl/doc_0529.jsonl
doc_0530,batch_011,National Crop Varieties And Livestock Breeds Registration Amendment Act 2016,2016,1,ready_for_embedding,2016/national-crop-varieties-and-livestock-breeds-registration-amendment-act-2016.pdf,original_pdfs/doc_0530.pdf,laws_pdf/batch_011/doc_0530.pdf,laws_text/batch_011/doc_0530.txt,chunks_jsonl/doc_0530.jsonl
doc_0531,batch_011,National Judicial Institute Amendment Act 2016,2016,1,ready_for_embedding,2016/national-judicial-institute-amendment-act-2016.pdf,original_pdfs/doc_0531.pdf,laws_pdf/batch_011/doc_0531.pdf,laws_text/batch_011/doc_0531.txt,chunks_jsonl/doc_0531.jsonl
doc_0532,batch_011,Prevention Of Crime Amendment Act 2016,2016,1,ready_for_embedding,2016/prevention-of-crime-amendment-act-2016.pdf,original_pdfs/doc_0532.pdf,laws_pdf/batch_011/doc_0532.pdf,laws_text/batch_011/doc_0532.txt,chunks_jsonl/doc_0532.jsonl
doc_0533,batch_011,Produce Enforcement Of Export Standards Amendment Act 2016,2016,2,ready_for_embedding,2016/produce-enforcement-of-export-standards-amendment-act-2016.pdf,original_pdfs/doc_0533.pdf,laws_pdf/batch_011/doc_0533.pdf,laws_text/batch_011/doc_0533.txt,chunks_jsonl/doc_0533.jsonl
doc_0534,batch_011,Quality Surveyors Registration Amendment Act 2016,2016,1,ready_for_embedding,2016/quality-surveyors-registration-amendment-act-2016.pdf,original_pdfs/doc_0534.pdf,laws_pdf/batch_011/doc_0534.pdf,laws_text/batch_011/doc_0534.txt,chunks_jsonl/doc_0534.jsonl
doc_0535,batch_011,Small And Medium Scale Industries Development Agency Amendment Act 2016,2016,1,ready_for_embedding,2016/small-and-medium-scale-industries-development-agency-amendment-act-2016.pdf,original_pdfs/doc_0535.pdf,laws_pdf/batch_011/doc_0535.pdf,laws_text/batch_011/doc_0535.txt,chunks_jsonl/doc_0535.jsonl
doc_0536,batch_011,Telecommunications And Postal Offences Amendment Act 2016,2016,2,ready_for_embedding,2016/telecommunications-and-postal-offences-amendment-act-2016.pdf,original_pdfs/doc_0536.pdf,laws_pdf/batch_011/doc_0536.pdf,laws_text/batch_011/doc_0536.txt,chunks_jsonl/doc_0536.jsonl
doc_0537,batch_011,Treaty To Establish African Economic Community Relating To Pan African Parliament Accession And Jurisdiction Amendment Act 2016,2016,1,ready_for_embedding,2016/treaty-to-establish-african-economic-community-relating-to-pan-african-parliament-accession-and-jurisdiction-amendment-act-2016.pdf,original_pdfs/doc_0537.pdf,laws_pdf/batch_011/doc_0537.pdf,laws_text/batch_011/doc_0537.txt,chunks_jsonl/doc_0537.jsonl
doc_0538,batch_011,University Of Abuja Amendment Act 2016,2016,1,ready_for_embedding,2016/university-of-abuja-amendment-act-2016.pdf,original_pdfs/doc_0538.pdf,laws_pdf/batch_011/doc_0538.pdf,laws_text/batch_011/doc_0538.txt,chunks_jsonl/doc_0538.jsonl
doc_0539,batch_011,Utilities Charges Commission Amendment Act 2016,2016,1,ready_for_embedding,2016/utilities-charges-commission-amendment-act-2016.pdf,original_pdfs/doc_0539.pdf,laws_pdf/batch_011/doc_0539.pdf,laws_text/batch_011/doc_0539.txt,chunks_jsonl/doc_0539.jsonl
doc_0540,batch_011,Water Resources Amendment Act 2016,2016,1,ready_for_embedding,2016/water-resources-amendment-act-2016.pdf,original_pdfs/doc_0540.pdf,laws_pdf/batch_011/doc_0540.pdf,laws_text/batch_011/doc_0540.txt,chunks_jsonl/doc_0540.jsonl
doc_0541,batch_011,Defence Space Administration Act 2017,2017,11,ready_for_embedding,2017/defence-space-administration-act-2017.pdf,original_pdfs/doc_0541.pdf,laws_pdf/batch_011/doc_0541.pdf,laws_text/batch_011/doc_0541.txt,chunks_jsonl/doc_0541.jsonl
doc_0542,batch_011,National Film And Video Censors Board Amendment Act 2017,2017,2,ready_for_embedding,2017/national-film-and-video-censors-board-amendment-act-2017.pdf,original_pdfs/doc_0542.pdf,laws_pdf/batch_011/doc_0542.pdf,laws_text/batch_011/doc_0542.txt,chunks_jsonl/doc_0542.jsonl
doc_0543,batch_011,Oaths Amendment Act 2017,2017,2,ready_for_embedding,2017/oaths-amendment-act-2017.pdf,original_pdfs/doc_0543.pdf,laws_pdf/batch_011/doc_0543.pdf,laws_text/batch_011/doc_0543.txt,chunks_jsonl/doc_0543.jsonl
doc_0544,batch_011,Pension Rights Of Judges Amendment Act 2017,2017,1,ready_for_embedding,2017/pension-rights-of-judges-amendment-act-2017.pdf,original_pdfs/doc_0544.pdf,laws_pdf/batch_011/doc_0544.pdf,laws_text/batch_011/doc_0544.txt,chunks_jsonl/doc_0544.jsonl
doc_0545,batch_011,Secured Transactions In Movable Assets Act 2017 Collateral Registry Act,2017,17,ready_for_embedding,2017/secured-transactions-in-movable-assets-act-2017-collateral-registry-act.pdf,original_pdfs/doc_0545.pdf,laws_pdf/batch_011/doc_0545.pdf,laws_text/batch_011/doc_0545.txt,chunks_jsonl/doc_0545.jsonl
doc_0546,batch_011,Veterinary Surgeons Amendment Act 2017,2017,1,ready_for_embedding,2017/veterinary-surgeons-amendment-act-2017.pdf,original_pdfs/doc_0546.pdf,laws_pdf/batch_011/doc_0546.pdf,laws_text/batch_011/doc_0546.txt,chunks_jsonl/doc_0546.jsonl
doc_0547,batch_011,Readme,,19,ready_for_embedding,README.pdf,original_pdfs/doc_0547.pdf,laws_pdf/batch_011/doc_0547.pdf,laws_text/batch_011/doc_0547.txt,chunks_jsonl/doc_0547.jsonl
